siteid,name,address,city,zip,COUNTY,date_close,sample_date,phone,email,BY_SITEID,BY_ADDRESS,BY_NAME,date_open,street_address,state,zipcode,county_name,by_id,by_name,by_addr,match_found,flag_missing_date,fixed_date_open,bad_zipcode,_merge
104,st johns community center,7500 blessing ave,Austin,78752,,,2024,512-972-4942,Stjohnswic@Austintexas.Gov,1,0,0,1993-01-01,7500 Blessing Ave,tx,78752,travis,TRUE,FALSE,TRUE,TRUE,FALSE,1993-01-01,FALSE,Matched (3)
105,northwest,8701 research blvd ste a,Austin,78758,,,2024,512-972-4942,NorthwestWIC@austintexas.gov,1,0,0,1993-11-15,"8701 Research Blvd, Suite A",tx,78758,travis,TRUE,TRUE,FALSE,TRUE,FALSE,1993-11-15,FALSE,Matched (3)
107,montopolis neighborhood center,2901 montopolis dr ste 1300,Austin,78741,,,2024,512-972-4942,Montopoliswic@Austintexas.Gov,1,0,0,1993-01-01,"2901 Montopolis Dr, Suite 1300",tx,78741,travis,TRUE,TRUE,FALSE,TRUE,FALSE,1993-01-01,FALSE,Matched (3)
109,far south,405 w stassney ln,Austin,78745,,,2024,512-972-4942,FarSouthWIC@austintexas.gov,1,0,0,1993-01-01,405 W Stassney Lane,tx,78745,travis,TRUE,TRUE,TRUE,TRUE,FALSE,1993-01-01,FALSE,Matched (3)
112,dove springs,5811 palo blanco ln,Austin,78744,,,2024,512-972-4942,DovespringsWIC@austintexas.gov,1,0,0,1993-03-15,5811 Palo Blanco Lane,tx,78744,travis,TRUE,TRUE,FALSE,TRUE,FALSE,1993-03-15,FALSE,Matched (3)
114,manor,14008 shadowglen blvd ste 207,Manor,78653,,,2024,512-972-4942,ManorWIC@austintexas.gov,1,0,0,1993-01-01,"14008 Shadowglen Blvd, Ste 207",tx,78653,travis,TRUE,TRUE,FALSE,TRUE,FALSE,1993-01-01,FALSE,Matched (3)
115,pflugerville,15822 b foothill farms loop,Pflugerville,78660,,,2024,512-972-4942,PflugervilleWIC@austintexas.gov,1,0,0,1993-01-01,15822-B Foothill Farms Loop,tx,78660,williamson,TRUE,TRUE,FALSE,TRUE,FALSE,1993-01-01,FALSE,Matched (3)
121,del valle,3518 fm 973,Del Valle,78617,,,2024,512-972-4942,DelValleWIC@austintexas.gov,1,0,0,1993-01-01,3518 FM 973,tx,78617,travis,TRUE,TRUE,TRUE,TRUE,FALSE,1993-01-01,FALSE,Matched (3)
128,bastrop,605 old austin hwy,Bastrop,78602,,,2024,512-972-4942,BastropWIC@austintexas.gov,1,0,0,2009-02-02,605 Old Austin Hwy,tx,78602,bastrop,TRUE,TRUE,FALSE,TRUE,FALSE,2009-02-02,FALSE,Matched (3)
129,elgin,218 s main st,Elgin,78621,,,2024,512-972-4942,ElginWIC@austintexas.gov,1,0,0,2009-02-02,218 South Main St,tx,78621,bastrop,TRUE,TRUE,TRUE,TRUE,FALSE,1994-01-01,FALSE,Matched (3)
132,roving mobile unit,2800 webberville rd,Austin,78702,,,2024,512-972-4942,WICMobileUnit@austintexas.gov,0,1,0,1993-01-01,2800 Webberville Rd,tx,78702,travis,FALSE,FALSE,TRUE,TRUE,FALSE,1993-01-01,FALSE,Matched (3)
301,san benito,1390 w expressway 83,San Benito,78586,,,2024,888-942-4847,Wic.Clinics@Co.Cameron.Tx.Us,1,0,0,1993-01-01,1390 W. Expressway 83,tx,78586,cameron,TRUE,TRUE,TRUE,TRUE,FALSE,1993-01-01,FALSE,Matched (3)
302,lucio,1204 jose colunga jr st,Brownsville,78521,,,2024,888-942-4847,Wic.Clinics@Co.Cameron.Tx.Us,1,0,0,1993-01-01,1204 Jose Colunga Jr. Street,tx,78521,cameron,TRUE,TRUE,TRUE,TRUE,FALSE,1993-01-01,FALSE,Matched (3)
303,harlingen,711 n l st,Harlingen,78550,,,2024,888-942-4847,Wic.Clinics@Co.Cameron.Tx.Us,1,0,0,1993-01-01,711 North L Street,tx,78550,cameron,TRUE,TRUE,TRUE,TRUE,FALSE,1993-01-01,FALSE,Matched (3)
304,port isabel,142 champion ave,Port Isabel,78578,,,2024,888-942-4847,Wic.Clinics@Co.Cameron.Tx.Us,1,0,0,1993-01-01,142 Champion Ave,tx,78578,cameron,TRUE,TRUE,TRUE,TRUE,FALSE,1993-01-01,FALSE,Matched (3)
306,garden plaza,1225 n expressway ste 2d,Brownsville,78520,,,2024,888-942-4847,Wic.Clinics@Co.Cameron.Tx.Us,1,0,0,1993-02-01,"1225 North Expressway, Suite 2D",tx,78520,cameron,TRUE,TRUE,TRUE,TRUE,TRUE,1993-02-01,FALSE,Matched (3)
310,fruity,4430 e 14th st ste c,Brownsville,78521,,,2024,888-942-4847,Wic.Clinics@Co.Cameron.Tx.Us,1,0,0,1999-03-08,"4430 East 14th Street, Suite C",tx,78521,cameron,TRUE,TRUE,TRUE,TRUE,FALSE,1999-03-08,FALSE,Matched (3)
311,los fresnos,111 n arroyo blvd,Los Fresnos,78566,,,2024,888-942-4847,Wic.Clinics@Co.Cameron.Tx.Us,1,0,0,1993-01-01,111 North Arroyo Blvd,tx,78566,cameron,TRUE,TRUE,TRUE,TRUE,FALSE,1993-01-01,FALSE,Matched (3)
312,browne,9901 california rd,Brownsville,78521,,,2024,888-942-4847,Wic.Clinics@Co.Cameron.Tx.Us,1,0,0,2006-11-01,9901 California Rd.,tx,78521,cameron,TRUE,TRUE,TRUE,TRUE,FALSE,2006-11-01,FALSE,Matched (3)
314,la paloma,35005 leal rd,San Benito,78586,,,2024,888-942-4847,Wic.Clinics@Co.Cameron.Tx.Us,1,0,0,1993-01-01,35005 Leal Rd,tx,78586,cameron,TRUE,FALSE,TRUE,TRUE,FALSE,1993-01-01,FALSE,Matched (3)
315,rio hondo,125 colorado ave,Rio Hondo,78583,,,2024,888-942-4847,Wic.Clinics@Co.Cameron.Tx.Us,1,0,0,1997-12-01,125 Colorado Ave,tx,78583,cameron,TRUE,TRUE,FALSE,TRUE,FALSE,1997-12-01,FALSE,Matched (3)
321,cameron park,2102 aveenida gregory,Brownsville,78526,,,2024,888-942-4847,Wic.Clinics@Co.Cameron.Tx.Us,1,0,0,1993-01-01,2102 Avenida Gregory,tx,78526,cameron,TRUE,TRUE,FALSE,TRUE,FALSE,1993-01-01,FALSE,Matched (3)
332,santa rosa,116 santa vista ave,Santa Rosa,78593,,,2024,888-942-4847,Wic.Clinics@Co.Cameron.Tx.Us,1,0,0,1993-01-01,116 Santa Vista Ave.,tx,78593,cameron,FALSE,FALSE,FALSE,FALSE,FALSE,NA,FALSE,Matched (3)
401,sua familiar inc,131 fm 3168,Raymondville,78580,,,2024,956-689-2425,,1,0,0,1993-01-01,131 Fm 3168,tx,78580,willacy,TRUE,TRUE,TRUE,TRUE,FALSE,1993-01-01,FALSE,Matched (3)
403,lasara community resource center,706 e 6th st,Lasara,78561,,,2024,956-689-2425,,1,0,0,1993-01-01,706 East 6Th Street,tx,78561,hidalgo,TRUE,TRUE,TRUE,TRUE,FALSE,1993-01-01,FALSE,Matched (3)
501,"dch at driscoll health center temporarily closed""",414 n matiana ortiz blvd,Robstown,78380,,,2024,361-767-7777,,1,0,0,1993-01-01,"Please contact 361-242-2458 for assistance, 414 N Matiana Ortiz Blvd",tx,78380,nueces,TRUE,FALSE,FALSE,TRUE,FALSE,1993-01-01,FALSE,Matched (3)
502,bishop community center,102 w joyce st,Bishop,78343,,,2024,361-537-1867,,1,0,0,1993-01-01,102 West Joyce St,tx,78343,nueces,TRUE,FALSE,FALSE,TRUE,FALSE,1993-01-01,FALSE,Matched (3)
503,banquete l and m superette,4359 4th st,Banquette,78339,,,2024,361-537-1867,,1,0,0,1993-01-01,4359 4th Street,tx,78339,nueces,TRUE,TRUE,FALSE,TRUE,FALSE,1993-01-01,FALSE,Matched (3)
504,agua dulce nueces county,1513 2nd st,Aqua Dulce,78330,,,2024,361-537-1867,,1,0,0,1993-01-01,1513 2nd Street,tx,78330,nueces,TRUE,TRUE,FALSE,TRUE,FALSE,1993-01-01,FALSE,Matched (3)
505,annaville hilltop community center,11425 leopard st,Corpus Christi,78410,,,2024,361-242-2458,,1,0,0,1993-01-01,11425 Leopard Street,tx,78410,nueces,TRUE,TRUE,TRUE,TRUE,FALSE,1993-01-01,FALSE,Matched (3)
508,dhc of corpus christi,4141 s staples,Corpus Christi,78411,,,2024,361-694-6767,,1,0,0,1993-10-01,4141 South Staples,tx,78411,nueces,TRUE,FALSE,FALSE,TRUE,FALSE,1993-10-01,FALSE,Matched (3)
701,martin luther king jr,2922 b mlk jr blvd,Dallas,75215,,,2024,214-670-7200,Askwic@Dallascityhall.Com,1,0,0,1993-01-01,2922-B MLK Jr Blvd,tx,75215,dallas,TRUE,FALSE,FALSE,TRUE,FALSE,1993-01-01,FALSE,Matched (3)
703,westmoreland,1050 n westmoreland ste 316,Dallas,75211,,,2024,214-670-7200,Askwic@Dallascityhall.Com,1,0,0,1993-01-01,1050 North Westmoreland Suite 316,tx,75211,dallas,TRUE,FALSE,TRUE,TRUE,FALSE,1993-01-01,FALSE,Matched (3)
705,lake june,6925 lake june rd,Dallas,75217,,,2024,214-670-7200,Askwic@Dallascityhall.Com,1,0,0,1993-01-01,6925 Lake June Road,tx,75217,dallas,TRUE,FALSE,TRUE,TRUE,FALSE,1993-01-01,FALSE,Matched (3)
708,grand prairie,828 s carrier pkwy ste 100,Grand Prairie,75051,,,2024,214-670-7200,Askwic@Dallascityhall.Com,1,0,0,1993-01-01,828 S Carrier Parkway Suite 100,tx,75051,dallas,TRUE,FALSE,FALSE,TRUE,FALSE,1993-01-01,FALSE,Matched (3)
709,irving,1111 w airport freeway suit 237,Irving,75062,,,2024,214-670-7200,Askwic@Dallascityhall.Com,1,0,0,1993-10-01,1111 West Airport Freeway Suit 237,tx,75062,dallas,TRUE,FALSE,FALSE,TRUE,FALSE,1993-10-01,FALSE,Matched (3)
710,highland hills,3624 simpson stuart rd,Dallas,75241,,,2024,214-670-7200,Askwic@Dallascityhall.Com,1,0,0,1993-01-01,3624 Simpson Stuart Rd,tx,75241,dallas,FALSE,FALSE,FALSE,FALSE,FALSE,1993-01-01,TRUE,Matched (3)
711,east garland,2851 dairy rd,Garland,75041,,,2024,214-670-7200,Askwic@Dallascityhall.Com,1,0,0,1993-01-01,2851 Dairy Rd,tx,75041,dallas,FALSE,FALSE,FALSE,FALSE,FALSE,1993-01-01,TRUE,Matched (3)
717,north west dallas,3207 w northwest hwy,Dallas,75220,,,2024,214-670-7200,Askwic@Dallascityhall.Com,1,0,0,1993-01-01,3207 W Northwest Hwy,tx,75220,dallas,TRUE,FALSE,FALSE,TRUE,FALSE,1993-01-01,FALSE,Matched (3)
724,north dallas,8202 spring valley rd 100,Dallas,75240,,,2024,214-670-7200,Askwic@Dallascityhall.Com,1,0,0,1993-01-01,8202 Spring Valley Rd # 100,tx,75240,dallas,FALSE,FALSE,FALSE,FALSE,FALSE,1993-01-01,TRUE,Matched (3)
725,ledbetter,1111 w ledbetter st ste 600,Dallas,75224,,,2024,214-670-7200,Askwic@Dallascityhall.Com,1,0,0,1993-12-12,1111 W Ledbetter St Suite 600,tx,75224,dallas,TRUE,FALSE,TRUE,TRUE,FALSE,1993-12-12,FALSE,Matched (3)
726,buckner john west,3302 n buckner ste 130,Dallas,75228,,,2024,214-670-7200,Askwic@Dallascityhall.Com,1,0,0,1994-07-01,3302 North Buckner Suite 130,tx,75228,dallas,TRUE,FALSE,TRUE,TRUE,FALSE,1994-07-01,FALSE,Matched (3)
730,duncanville,1110 s sante fe trail ste,Duncanville,75137,,,2024,214-670-7200,Askwic@Dallascityhall.Com,1,0,0,1995-09-01,1110 South Sante Fe Trail Ste,tx,75137,dallas,TRUE,TRUE,FALSE,TRUE,FALSE,1995-09-01,FALSE,Matched (3)
732,west garland,618 clara barton ste 102,Garland,75042,,,2024,214-670-7200,Askwic@Dallascityhall.Com,1,0,0,1996-01-10,"618 Clara Barton, Suite 102",tx,75042,dallas,TRUE,TRUE,FALSE,TRUE,FALSE,1996-01-10,FALSE,Matched (3)
737,abrams road,6012 abrams rd ste 150,Dallas,75231,,,2024,214-670-7200,Askwic@Dallascityhall.Com,1,0,0,2003-08-27,6012 Abrams Rd Ste 150,tx,75231,dallas,TRUE,FALSE,FALSE,TRUE,FALSE,2003-08-27,FALSE,Matched (3)
742,fruitdale,4408 vandervort dr,Dallas,75216,,,2024,214-670-7200,Askwic@Dallascityhall.Com,0,0,0,.-.-.,4408 Vandervort Dr,tx,75216,dallas,FALSE,FALSE,FALSE,FALSE,FALSE,NA,FALSE,Matched (3)
743,healing hands ministries,5750 pineland dr ste #326,Dallas,75231,,,2024,214-670-7200,askWIC@Dallas.gov,0,0,0,.-.-.,"5750 Pineland Dr, Suite #326",tx,75231,dallas,FALSE,FALSE,FALSE,FALSE,FALSE,NA,FALSE,Matched (3)
1001,grayson county health department,515 n walnut,Sherman,75090,,,2024,903-893-0131,,1,0,0,1993-01-01,515 North Walnut,tx,75090,grayson,TRUE,FALSE,TRUE,TRUE,FALSE,1993-01-01,FALSE,Matched (3)
1002,denison,205 n houston,Denison,75020,,,2024,903-465-2878,,1,0,0,1993-01-01,205 N Houston,tx,75020,grayson,TRUE,TRUE,TRUE,TRUE,FALSE,1993-01-01,FALSE,Matched (3)
1003,grayson mobile,515 n walnut st,Sherman,75090,,,2024,903-818-5511,,0,0,0,.-.-.,515 N Walnut St,tx,75090,grayson,FALSE,FALSE,TRUE,TRUE,FALSE,1993-01-01,FALSE,Matched (3)
1101,texas city,9850 emmett f lowry expressway ste b 101,Texas City,77591,,,2024,409-949-3471,Trice@Gchd.Org,1,0,0,1993-01-01,"9850 Emmett F Lowry Expressway, Suite B 101",tx,77591,galveston,FALSE,FALSE,FALSE,FALSE,FALSE,1993-01-01,TRUE,Matched (3)
1102,island community health center,4700 broadway st,Galveston,77550,,,2024,409-763-7207,Trice@Gchd.Org,1,0,0,1993-01-01,4700 Broadway St,tx,77550,galveston,FALSE,FALSE,FALSE,FALSE,FALSE,1993-01-01,TRUE,Matched (3)
1104,dickinson,"2401 termini st ste 100-b , amegy bank 1st floor",Dickinson,77539,,,2024,281-337-7606,Trice@Gchd.Org,1,0,0,1993-03-19,"2401 Termini St, Suite 100-B , Amegy Bank 1St Floor",tx,77539,galveston,TRUE,TRUE,FALSE,TRUE,FALSE,1993-03-19,FALSE,Matched (3)
1112,moody early childhood center,1110 21st st,Galveston,77550,,,2024,409-978-4482,Trice@Gchd.Org,0,0,0,.-.-.,1110 21st St,tx,77550,galveston,FALSE,FALSE,FALSE,FALSE,FALSE,NA,FALSE,Matched (3)
1201,edinburg health center,3105 e richardson,Edinburg,78539,,,2024,956-380-0363,,1,0,0,1993-01-01,3105 East Richardson,tx,78539,hidalgo,TRUE,FALSE,TRUE,TRUE,FALSE,1993-01-01,FALSE,Matched (3)
1202,mission health,211 s schuerbach rd po b,Mission,78572,,,2024,956-581-2723,,1,0,0,1993-01-01,211 South Schuerbach Road Po B,tx,78572,hidalgo,TRUE,FALSE,FALSE,TRUE,FALSE,1993-01-01,FALSE,Matched (3)
1204,pharr health center,1903 n knights dr,Pharr,78577,,,2024,956-783-1151,,1,0,0,1993-01-01,1903 N Knights Dr,tx,78577,hidalgo,TRUE,FALSE,FALSE,TRUE,FALSE,1993-01-01,FALSE,Matched (3)
1205,hidalgo health center,702 e ramon ayala dr,Hidalgo,78557,,,2024,956-843-8151,,1,0,0,1993-01-01,702 East Ramon Ayala Dr,tx,78557,hidalgo,TRUE,FALSE,FALSE,TRUE,FALSE,1993-01-01,FALSE,Matched (3)
1206,donna,301 s 8th st,Donna,78537,,,2024,956-464-2251,,1,0,0,1993-01-01,301 South 8Th Street,tx,78537,hidalgo,TRUE,TRUE,TRUE,TRUE,FALSE,1993-01-01,FALSE,Matched (3)
1207,weslaco health center,1901 n bridge,Weslaco,78596,,,2024,956-968-0594,,1,0,0,1993-01-01,1901 North Bridge,tx,78596,hidalgo,TRUE,FALSE,TRUE,TRUE,FALSE,1993-01-01,FALSE,Matched (3)
1208,mercedes,540 s texas,Mercedes,78570,,,2024,956-565-2603,,1,0,0,1993-01-01,540 South Texas,tx,78570,hidalgo,TRUE,TRUE,TRUE,TRUE,FALSE,1993-01-01,FALSE,Matched (3)
1209,elsa health center,708 e edinburg st,Elsa,78543,,,2024,956-262-1324,,1,0,0,1993-01-01,708 East Edinburg Street,tx,78543,hidalgo,TRUE,FALSE,FALSE,TRUE,FALSE,1993-01-01,FALSE,Matched (3)
1212,progreso,510 n fm 1015,Progreso,78579,,,2024,956-514-0236,,1,0,0,1993-01-01,510 North Fm. 1015,tx,78579,hidalgo,TRUE,TRUE,FALSE,TRUE,FALSE,1993-01-01,FALSE,Matched (3)
1214,alton i,3513 e main ave ste 104,Alton,78573,,,2024,956-519-7159,,1,0,0,1993-01-01,3513 E Main Ave  Suite 104,tx,78573,hidalgo,TRUE,FALSE,FALSE,TRUE,FALSE,1993-01-01,FALSE,Matched (3)
1215,alamo i,313 e business hwy 83 ste 113,Alamo,78516,,,2024,956-783-5369,,1,0,0,1993-01-01,313 E Business Highway 83 Suite 113,tx,78516,hidalgo,TRUE,FALSE,TRUE,TRUE,FALSE,1993-01-01,FALSE,Matched (3)
1216,sullivan city health center,371 e expressway 83,Sullivan City,78595,,,2024,956-485-2752,,1,0,0,1993-01-01,371 East Expressway 83,tx,78595,hidalgo,TRUE,FALSE,TRUE,TRUE,FALSE,1993-01-01,FALSE,Matched (3)
1217,mission ii,722 n breyfogle rd ste 2 c,Mission,78572,,,2024,956-584-3334,,1,0,0,1994-05-01,722 North Breyfogle Road Suite 2-C,tx,78572,hidalgo,TRUE,TRUE,TRUE,TRUE,FALSE,1993-01-01,FALSE,Matched (3)
1218,mcallen ii,220 s bicentennial ste d,Mcallen,78501,,,2024,956-292-7752,,1,0,0,1995-04-01,220 S Bicentennial  Suite D,tx,78501,hidalgo,TRUE,TRUE,TRUE,TRUE,FALSE,1993-01-01,FALSE,Matched (3)
1224,pharr ii,300 w hall acres rd ste a,Pharr,78577,,,2024,956-781-4920,,1,0,0,1999-01-19,300 W Hall Acres Rd Ste A,tx,78577,hidalgo,TRUE,TRUE,FALSE,TRUE,FALSE,1993-01-01,FALSE,Matched (3)
1226,san carlos community resource center,230 n 86 st,Edinburg,78539,,,2024,956-318-1476,,1,0,0,2002-01-02,230 North 86 Street,tx,78539,hidalgo,TRUE,TRUE,TRUE,TRUE,FALSE,2002-01-02,FALSE,Matched (3)
1228,mobile unidos podemos,3105 w university dr,Edinburg,78539,,,2024,956-279-7850,,1,0,0,2002-06-01,3105 West University Dr,tx,78539,hidalgo,TRUE,TRUE,TRUE,TRUE,FALSE,1996-07-22,FALSE,Matched (3)
1229,north san juan,509 e earling rd,San Juan,78589,,,2024,956-702-7788,,1,0,0,2002-10-17,509 East Earling Rd,tx,78589,hidalgo,TRUE,TRUE,TRUE,TRUE,FALSE,2002-10-17,FALSE,Matched (3)
1230,mcallen 3,3001 n 23rd ste 8,Mcallen,78502,,,2024,956-683-1822,,1,0,0,2003-11-04,3001 North 23Rd Suite 8,tx,78502,hidalgo,FALSE,FALSE,FALSE,FALSE,FALSE,2003-11-04,TRUE,Matched (3)
1231,alton 2,3503 w 5 mile rd ste 5 6 & 7,Mission,78574,,,2024,956-583-5791,,1,0,0,2004-07-01,"3503 W 5 Mile Rd Ste 5, 6 & 7",tx,78574,hidalgo,TRUE,TRUE,FALSE,TRUE,FALSE,2004-07-01,FALSE,Matched (3)
1243,rio grande city,5404 brand st ste 5,Rio Grande City,78582,,,2024,956-488-0500,,1,0,0,2007-09-04,5404 Brand Street Ste 5,tx,78582,starr,TRUE,FALSE,FALSE,TRUE,FALSE,2007-09-04,FALSE,Matched (3)
1244,roma,2891 e grant st,Roma,78584,,,2024,956-849-1459,,1,0,0,2007-09-04,2891 E Grant Street,tx,78584,starr,TRUE,TRUE,FALSE,TRUE,FALSE,2007-09-04,FALSE,Matched (3)
1245,alamo 2,1429 s tower rd,Alamo,78516,,,2024,956-784-3523,,1,0,0,2009-02-02,1429 South Tower Road,tx,78516,hidalgo,TRUE,TRUE,TRUE,TRUE,FALSE,2009-02-02,FALSE,Matched (3)
1301,ladrillera health promotion center,2100 pinder,Laredo,78040,,,2024,956-795-2487,,1,0,0,1993-01-01,2100 Pinder,tx,78040,webb,TRUE,TRUE,TRUE,TRUE,FALSE,1993-01-01,FALSE,Matched (3)
1302,santo nino,2201 saltillo st,Laredo,78046,,,2024,956-795-2488,,1,0,0,1993-01-01,2201 Saltillo St,tx,78046,webb,TRUE,FALSE,FALSE,TRUE,FALSE,1993-01-01,FALSE,Matched (3)
1303,cedar health promotion center,2600 cedar ave,Laredo,78041,,,2024,956-795-4943,,1,0,0,1993-01-01,2600 Cedar Avenue,tx,78041,webb,TRUE,TRUE,TRUE,TRUE,FALSE,1993-01-01,FALSE,Matched (3)
1305,farias health promotion center,1210 philadelhphia room 105,Laredo,78042,,,2024,956-795-2482,,1,0,0,1993-01-01,1210 Philadelhphia Room 105,tx,78042,webb,TRUE,TRUE,FALSE,TRUE,FALSE,1993-01-01,FALSE,Matched (3)
1307,larga vista health prmotion center,5401 cisneros,Laredo,78043,,,2024,956-717-3538,,1,0,0,1995-05-15,5401 Cisneros,tx,78043,webb,TRUE,FALSE,TRUE,TRUE,FALSE,1995-05-15,FALSE,Matched (3)
1310,northwest,10224 atlanta dr,Laredo,78045,,,2024,956-712-4015,,1,0,0,2001-07-16,10224 Atlanta Drive,tx,78045,webb,FALSE,FALSE,FALSE,FALSE,FALSE,2001-07-16,TRUE,Matched (3)
1311,lmc,1700 e saunders ste 455,Laredo,78041,,,2024,956-727-9253,,1,0,0,2006-09-01,1700 East Saunders Suite 455,tx,78041,webb,TRUE,FALSE,TRUE,TRUE,FALSE,2006-09-01,FALSE,Matched (3)
1312,hebbronville,517 w viggie,Hebbronville,78361,,,2024,361-527-9135,,1,0,0,1993-01-01,517 West Viggie,tx,78361,jim hogg,TRUE,TRUE,TRUE,TRUE,FALSE,1993-01-01,FALSE,Matched (3)
1313,zapata,101 1st st,Zapata,78076,,,2024,956-765-8442,,1,0,0,2007-09-04,101 1St Street,tx,78076,zapata,TRUE,TRUE,TRUE,TRUE,FALSE,2007-09-04,FALSE,Matched (3)
1318,alice,2041 e main st ste 500,Alice,78332,,,2024,361-453-4033,,0,0,0,.-.-.,"2041 E Main St, Suite 500",tx,78332,jim wells,FALSE,FALSE,FALSE,FALSE,FALSE,NA,FALSE,Matched (3)
1319,live oak co,305 bowie st,George West,78022,,,2024,(361) 449-2733,,0,0,1,1993-01-01,305 Bowie St.,tx,78022,live oak,FALSE,TRUE,FALSE,TRUE,FALSE,1993-01-01,FALSE,Matched (3)
1320,kingsville,1403 e corral,Kingsville,78363,,,2024,(361) 592-2022,,0,0,0,.-.-.,1403 E Corral,tx,78363,kleberg,FALSE,FALSE,FALSE,FALSE,FALSE,NA,FALSE,Matched (3)
1322,falfurrias,125 e miller,Falfurrias,78355,,,2024,(361) 325-2600,,0,0,0,.-.-.,125 E Miller,tx,78355,brooks,FALSE,FALSE,FALSE,FALSE,FALSE,NA,FALSE,Matched (3)
1702,power center,12401 1 2 so post oak rd # 128,Houston,77045,,,2024,713-500-2800,Wicpowercenter@Uth.Tmc.Edu,1,0,0,1993-01-01,12401 1/2 So Post Oak Rd # 128,tx,77045,harris,TRUE,TRUE,FALSE,TRUE,FALSE,1993-01-01,FALSE,Matched (3)
1706,spring branch,8575 pitner,Houston,77080,,,2024,713-500-2800,Wicsbranchclinic@Uth.Tmc.Edu,1,0,0,1993-01-01,8575 Pitner,tx,77080,harris,TRUE,TRUE,TRUE,TRUE,FALSE,1993-01-01,FALSE,Matched (3)
1708,gulfgate,3329 telephone rd ste b,Houston,77023,,,2024,713-500-2800,wicgulfgateclinic@uth.tmc.edu,1,0,0,1996-08-14,"3329 Telephone Rd , Suite B",tx,77023,harris,FALSE,FALSE,FALSE,FALSE,FALSE,1996-08-14,TRUE,Matched (3)
1715,north channel,13457 e freeway,Houston,77015,,,2024,713-500-2800,Wicnchannelclinic@Uth.Tmc.Edu,1,0,0,1996-08-15,13457 East Freeway,tx,77015,harris,TRUE,TRUE,TRUE,TRUE,FALSE,1996-08-15,FALSE,Matched (3)
1716,university,6015 hillcroft ste 2000,Houston,77081,,,2024,713-500-2800,Wicuniversityclinic@Uth.Tmc.Edu,1,0,0,1996-10-14,6015 Hillcroft Suite 2000,tx,77081,harris,TRUE,TRUE,TRUE,TRUE,FALSE,1996-10-14,FALSE,Matched (3)
1718,ut greenspoint,11120 n freeway ste b,Houston,77037,,,2024,713-500-2800,Wicgreenspoint@Uth.Tmc.Edu,1,0,0,1997-03-12,11120 North Freeway Ste B,tx,77037,harris,FALSE,FALSE,FALSE,FALSE,FALSE,1997-03-12,TRUE,Matched (3)
1901,vida y salud health systems inc,308 cesar chavez ave,Crystal City,78839,,,2024,830-374-2417,,1,0,0,1993-01-28,308 Cesar Chavez Avenue,tx,78839,zavala,TRUE,TRUE,TRUE,TRUE,FALSE,1993-01-28,FALSE,Matched (3)
1902,vida y salud health systems inc,109 b 1st st,Carrizo Springs,78834,,,2024,830-876-9755,,1,0,0,1993-01-01,109-B 1St Street,tx,78834,dimmit,TRUE,TRUE,FALSE,TRUE,FALSE,1993-01-01,FALSE,Matched (3)
1903,vida y salud health systems inc,916 huddleston,Cotulla,78014,,,2024,830-876-9755,,1,0,0,1993-01-01,916 Huddleston,tx,78014,la salle,TRUE,TRUE,FALSE,TRUE,FALSE,1993-01-01,FALSE,Matched (3)
1904,vida y salud health systems inc,400 s getty st ste c,Uvalde,78801,,,2024,830-278-3117,,1,0,0,1993-01-01,400 S Getty St Suite C,tx,78801,uvalde,TRUE,TRUE,TRUE,TRUE,FALSE,1993-01-01,FALSE,Matched (3)
1911,la pryor,117 e hwy 57 po box 640,La Pryor,78872,,,2024,830-374-2417,,1,0,0,1993-01-01,117 E Hwy 57 Po Box 640,tx,78872,zavala,TRUE,TRUE,FALSE,TRUE,FALSE,1993-01-01,FALSE,Matched (3)
2001,plainview,2801 w 8th,Plainview,79072,,,2024,806-293-0182,,1,0,0,1993-01-01,2801 West 8Th,tx,79072,hale,TRUE,TRUE,FALSE,TRUE,FALSE,1993-01-01,FALSE,Matched (3)
2002,floydada,319 s main,Floydada,79235,,,2024,806-983-3449,,1,0,0,1993-01-01,319 S Main,tx,79235,floyd,TRUE,TRUE,FALSE,TRUE,FALSE,1993-01-01,FALSE,Matched (3)
2003,littlefield,500 e 6th,Littlefield,79339,,,2024,806-385-5368,,1,0,0,1993-01-01,500 East 6Th,tx,79339,lamb,TRUE,TRUE,TRUE,TRUE,FALSE,1993-01-01,FALSE,Matched (3)
2004,ralls program,623 tilford po box 1106,Ralls,79357,,,2024,806-253-2577,,1,0,0,1993-01-01,623 Tilford Po Box 1106,tx,79357,crosby,TRUE,TRUE,FALSE,TRUE,FALSE,1993-01-01,FALSE,Matched (3)
2005,dimmitt,113 w bedford st po box,Dimmitt,79027,,,2024,806-647-4240,,1,0,0,1993-01-01,113 West Bedford Street Po Box,tx,79027,castro,TRUE,TRUE,FALSE,TRUE,FALSE,1993-01-01,FALSE,Matched (3)
2006,hereford,125 w park ave,Hereford,79045,,,2024,806-364-7692,,1,0,0,1993-01-01,125 W Park Ave,tx,79045,deaf smith,TRUE,TRUE,FALSE,TRUE,FALSE,1993-01-01,FALSE,Matched (3)
2008,tulia,104 southeast 2nd,Tulia,79088,,,2024,806-293-0182,,1,0,0,1993-01-01,104 Southeast 2nd,tx,79088,swisher,TRUE,TRUE,TRUE,TRUE,FALSE,1993-01-01,FALSE,Matched (3)
2009,muleshoe,104 w 2nd ste b,Muleshoe,79347,,,2024,806-272-4521,,1,0,0,1993-01-01,104 West 2Nd Ste B,tx,79347,bailey,TRUE,TRUE,FALSE,TRUE,FALSE,1993-01-01,FALSE,Matched (3)
2012,friona,616 euclid,Friona,79035,,,2024,806-247-3482,,1,0,0,1993-01-01,616 Euclid,tx,79035,parmer,FALSE,FALSE,FALSE,FALSE,FALSE,1993-01-01,TRUE,Matched (3)
2101,hita falls hita county health district,1700 third st,Wichita Falls,76301,,,2024,940-761-7815,Janice.Piper@Wichitafallstx.Gov,1,0,0,1993-01-01,1700 Third Street,tx,76301,wichita,TRUE,FALSE,TRUE,TRUE,FALSE,1993-01-01,FALSE,Matched (3)
2201,waco mclennan county health dept,225 w waco dr,Waco,76707,,,2024,254-750-5474,,1,0,0,1993-01-01,225 West Waco Drive,tx,76707,mclennan,TRUE,FALSE,TRUE,TRUE,FALSE,1993-01-01,FALSE,Matched (3)
2202,mart,215 n elm,Mart,76664,,,2024,254-876-2173,,1,0,0,1993-01-01,215 North Elm,tx,76664,mclennan,TRUE,TRUE,TRUE,TRUE,FALSE,1993-01-01,FALSE,Matched (3)
2203,mcgregor special procedures,217 s madison,Mcgregor,76657,,,2024,(254) 840-4212,,1,0,0,1993-01-01,"No In Person Services - For Assistance Call 254-750-5474, 217 South Madison",tx,76657,mclennan,TRUE,FALSE,FALSE,TRUE,FALSE,1993-01-01,FALSE,Matched (3)
2209,south 18th st community,1800 gurley ln,Waco,76706,,,2024,(254) 709-9935,,0,0,0,.-.-.,1800 Gurley Ln,tx,76706,mclennan,FALSE,FALSE,FALSE,FALSE,FALSE,NA,FALSE,Matched (3)
2401,united medical center,2525 veterans blvd,Eagle Pass,78852,,,2024,830-773-1105,lfuentes@umchealth.org,1,0,0,1993-01-01,2525 Veterans Blvd.,tx,78852,maverick,TRUE,TRUE,TRUE,TRUE,FALSE,1993-01-01,FALSE,Matched (3)
2402,kinney county special procedures-,201 james st,Brackettville,78832,,,2024,830-773-1105,lfuentes@umchealth.org,1,0,0,1993-01-01,201 James Street,tx,78832,kinney,TRUE,FALSE,TRUE,TRUE,FALSE,1993-01-01,FALSE,Matched (3)
2404,eidson special procedures-,1175 eidson rd,Eagle Pass,78852,,,2024,830-752-3000,lfuentes@umchealth.org,1,0,0,2006-11-02,1175 Eidson Road,tx,78852,maverick,TRUE,FALSE,TRUE,TRUE,FALSE,2006-11-02,FALSE,Matched (3)
2602,northeast center,9720 spaulding st,Houston,77016,,,2024,832-393-5427,Hltwicinfo@houstontx.gov,1,0,0,1993-11-05,9720 Spaulding Street,tx,77016,harris,TRUE,TRUE,TRUE,TRUE,FALSE,1993-11-05,FALSE,Matched (3)
2603,magnolia multi service center-center,7037 capitol 201,Houston,77011,,,2024,832-393-5427,Hltwicinfo@houstontx.gov,1,0,0,1993-01-01,7037 Capitol #201,tx,77011,harris,TRUE,TRUE,FALSE,TRUE,FALSE,1993-01-01,FALSE,Matched (3)
2604,northwest center,8536 hammerly,Houston,77055,,,2024,832-393-5427,Hltwicinfo@houstontx.gov,1,0,0,1993-10-08,8536 Hammerly,tx,77055,harris,TRUE,TRUE,TRUE,TRUE,FALSE,1993-10-08,FALSE,Matched (3)
2605,sunnyside multi service center-center,4410 reed rd,Houston,77051,,,2024,832-393-5427,Hltwicinfo@houstontx.gov,1,0,0,1993-01-01,4410 Reed Rd,tx,77051,harris,TRUE,TRUE,FALSE,TRUE,FALSE,1993-01-01,FALSE,Matched (3)
2606,alief center,11903 bellaire blvd,Houston,77072,,,2024,832-393-5427,Hltwicinfo@houstontx.gov,1,0,0,1993-10-08,11903 Bellaire Blvd,tx,77072,harris,TRUE,TRUE,FALSE,TRUE,FALSE,1993-10-08,FALSE,Matched (3)
2607,acres homes,6719 w montgomery,Houston,77091,,,2024,832-393-5427,Hltwicinfo@houstontx.gov,1,0,0,1993-05-31,6719 West Montgomery,tx,77091,harris,TRUE,TRUE,TRUE,TRUE,FALSE,1993-05-31,FALSE,Matched (3)
2612,denver harbor center,6402 market st,Houston,77020,,,2024,832-393-5427,Hltwicinfo@houstontx.gov,1,0,0,1993-01-01,6402 Market Street,tx,77020,harris,TRUE,TRUE,TRUE,TRUE,FALSE,1993-01-01,FALSE,Matched (3)
2615,northside center,8504 schuller,Houston,77093,,,2024,832-393-5427,Hltwicinfo@houstontx.gov,1,0,0,1993-01-01,8504 Schuller,tx,77093,harris,TRUE,TRUE,TRUE,TRUE,FALSE,1993-01-01,FALSE,Matched (3)
2616,dr chana airline ) center,5990 airline dr ste 200,Houston,77076,,,2024,832-393-5427,Hltwicinfo@houstontx.gov,1,0,0,1995-07-05,5990 Airline Drive Suite 200,tx,77076,harris,TRUE,TRUE,TRUE,TRUE,FALSE,1995-07-05,FALSE,Matched (3)
2620,southwest center,6400 highstar,Houston,77074,,,2024,832-393-5427,Hltwicinfo@houstontx.gov,1,0,0,1993-01-01,6400 Highstar,tx,77074,harris,TRUE,TRUE,TRUE,TRUE,FALSE,1993-01-01,FALSE,Matched (3)
2624,la nueva casa,1809 n main,Houston,77009,,,2024,832-393-5427,Hltwicinfo@houstontx.gov,1,0,0,1996-12-02,1809 North Main,tx,77009,harris,TRUE,TRUE,TRUE,TRUE,FALSE,1996-12-02,FALSE,Matched (3)
2625,braesner,10039 bissonet ste 120,Houston,77036,,,2024,832-393-5427,Hltwicinfo@houstontx.gov,1,0,0,1997-09-09,10039 Bissonet Suite 120,tx,77036,harris,FALSE,FALSE,FALSE,FALSE,FALSE,1997-09-09,TRUE,Matched (3)
2630,aldine community,3000 aldine mail route,Houston,77039,,,2024,832-393-5427,Hltwicinfo@houstontx.gov,1,0,0,1998-10-13,3000 Aldine Mail Route,tx,77039,harris,TRUE,TRUE,FALSE,TRUE,FALSE,1998-10-13,FALSE,Matched (3)
2634,sharpstown,6201 bonhomme rd ste 300,Houston,77036,,,2024,832-393-5427,Hltwicinfo@houstontx.gov,1,0,0,2008-02-04,6201 Bonhomme Road Suite 300,tx,77036,harris,TRUE,TRUE,TRUE,TRUE,FALSE,2008-02-04,FALSE,Matched (3)
2801,la fe at central,700 s ochoa st,El Paso,79901,,,2024,915-545-7048,Guadalupe.Delgado@Lafe-Ep.Org,1,0,0,1993-01-01,700 South Ochoa Street,tx,79901,el paso,TRUE,TRUE,TRUE,TRUE,FALSE,1993-01-01,FALSE,Matched (3)
2803,la fe at yandell,815 e yandell,El Paso,79902,,,2024,915-351-1739,Guadalupe.Vasquez@Lafe-ep.org,1,0,0,2004-05-01,815 East Yandell,tx,79902,el paso,TRUE,TRUE,FALSE,TRUE,FALSE,2004-05-01,FALSE,Matched (3)
2901,rosenberg,1720 bf terry blvd ste a,Rosenberg,77471,,,2024,281-238-2306,,1,0,0,1993-01-01,1720 Bf Terry Blvd Suite A,tx,77471,fort bend,FALSE,FALSE,FALSE,FALSE,FALSE,NA,FALSE,Matched (3)
2902,stafford,10435 greenbough united way,Stafford,77477,,,2024,281-969-1836,,1,0,0,1993-01-01,10435 Greenbough United Way,tx,77477,harris,TRUE,TRUE,TRUE,TRUE,FALSE,1993-01-01,FALSE,Matched (3)
2903,wharton,2015 n fulton st,Wharton,77488,,,2024,979-532-8755,,1,0,0,1993-01-01,2015 N Fulton St,tx,77488,wharton,TRUE,TRUE,FALSE,TRUE,FALSE,1993-01-01,FALSE,Matched (3)
2907,weimar,301 w st charles,Weimar,78962,,,2024,979-725-6100,,0,1,0,1993-01-01,"First United Methodist Church, 301 W St Charles",tx,78962,colorado,FALSE,TRUE,FALSE,TRUE,FALSE,1993-01-01,FALSE,Matched (3)
2908,katy,1260 pin oak rd ste 110,Katy,77494,,,2024,281-391-4168,,0,1,0,1993-07-06,1260 Pin Oak Rd Ste 110,tx,77494,harris,FALSE,TRUE,TRUE,TRUE,FALSE,1993-07-06,FALSE,Matched (3)
2909,sealy,526 ward st,Sealy,77474,,,2024,979-885-0517,,0,1,0,1994-10-05,526 Ward Street,tx,77474,austin,FALSE,TRUE,TRUE,TRUE,FALSE,1994-10-05,FALSE,Matched (3)
2910,hempstead,1737 13th st,Hempstead,77445,,,2024,936-261-1440,,0,0,1,1996-06-15,1737 13Th St,tx,77445,waller,FALSE,TRUE,FALSE,TRUE,FALSE,1996-06-15,FALSE,Matched (3)
2911,bellville,800 wendt st,Bellville,77418,,,2024,979-865-9140,,0,0,1,1993-01-01,800 Wendt St,tx,77418,austin,FALSE,TRUE,TRUE,TRUE,FALSE,1993-01-01,FALSE,Matched (3)
2912,brookshire,531 fm 359 south,Brookshire,77423,,,2024,281-822-4242,,0,0,1,1993-01-01,531 Fm 359 South,tx,77423,waller,FALSE,TRUE,TRUE,TRUE,FALSE,1993-01-01,FALSE,Matched (3)
2913,columbus,539 spring st,Columbus,78934,,,2024,979-732-6635,,0,0,1,1993-01-01,539 Spring St,tx,78934,colorado,FALSE,TRUE,FALSE,TRUE,FALSE,1993-01-01,FALSE,Matched (3)
2914,eagle lake,527 n lake ave,Eagle Lake,77434,,,2024,979-234-2066,,0,0,1,1993-01-01,"First Baptist Church, 527 N Lake Ave",tx,77434,colorado,FALSE,TRUE,FALSE,TRUE,FALSE,1993-01-01,FALSE,Matched (3)
3001,city of port arthur health dept,5860 9th ave,Port Arthur,77642,,,2024,409-983-8875,Christina.Patteson@Portarthurtx.Gov,1,0,0,1993-01-01,5860 9th Avenue,tx,77642,jefferson,FALSE,TRUE,FALSE,TRUE,FALSE,1999-08-10,FALSE,Matched (3)
3101,temple,201 n 8th,Temple,76501,,,2024,254-532-9800,,1,0,0,1993-01-01,201 North 8Th,tx,76501,bell,TRUE,TRUE,TRUE,TRUE,FALSE,1993-01-01,FALSE,Matched (3)
3102,killeen,111 santa fe plaza dr,Killeen,76541,,,2024,254-532-9800,,1,0,0,1993-01-01,111 Santa Fe Plaza Dr,tx,76541,bell,TRUE,TRUE,TRUE,TRUE,FALSE,1993-01-01,FALSE,Matched (3)
3103,copperas cove,213 w ave d,Copperas Cove,76522,,,2024,254-532-9800,,1,0,0,1993-01-01,213 W Avenue D,tx,76522,coryell,TRUE,TRUE,TRUE,TRUE,FALSE,1993-01-01,FALSE,Matched (3)
3104,fort cavazos,2nd floor ste 2135,Fort Hood,76544,,,2024,254-532-9800,,1,0,0,1995-10-01,"36000 Darnall Loop, 2nd Floor Suite 2135",tx,76544,bell,TRUE,FALSE,FALSE,TRUE,FALSE,1995-10-01,FALSE,Matched (3)
3301,henderson center,721 s mesa st,El Paso,79901,,,2024,915-212-4942,,1,0,0,1993-01-01,721 South Mesa St,tx,79901,el paso,TRUE,TRUE,TRUE,TRUE,FALSE,1993-01-01,FALSE,Matched (3)
3302,lee trevino center,1840 lee trevino dr ste 201,El Paso,79935,,,2024,915-212-4942,,1,0,0,1993-01-01,1840 Lee Trevino Dr Suite 201,tx,79935,el paso,TRUE,TRUE,TRUE,TRUE,FALSE,1993-01-01,FALSE,Matched (3)
3303,ysleta center,110 candelaria st,El Paso,79907,,,2024,915-212-4942,,1,0,0,1993-01-01,110 Candelaria St,tx,79907,el paso,TRUE,TRUE,TRUE,TRUE,FALSE,1993-01-01,FALSE,Matched (3)
3304,sunrise center,8500 dyer st ste 54,El Paso,79904,,,2024,915-212-4942,,1,0,0,1993-01-01,8500 Dyer St Suite 54,tx,79904,el paso,TRUE,TRUE,TRUE,TRUE,FALSE,1993-01-01,FALSE,Matched (3)
3305,westside center,5195 mace st,El Paso,79932,,,2024,915-212-4942,,1,0,0,1993-01-01,5195 Mace St,tx,79932,el paso,TRUE,TRUE,TRUE,TRUE,FALSE,1993-01-01,FALSE,Matched (3)
3307,canutillo center,300 farm rd 259,Canutillo,79835,,,2024,915-212-4942,,1,0,0,1993-01-01,300 Farm Road 259,tx,79835,el paso,FALSE,FALSE,FALSE,FALSE,FALSE,1993-01-01,TRUE,Matched (3)
3308,gate way center,10821 gateway w ste 200,El Paso,79935,,,2024,915-212-4942,,1,0,0,1993-01-01,"10821 Gateway West, Suite 200",tx,79935,el paso,FALSE,FALSE,FALSE,FALSE,FALSE,1993-01-01,TRUE,Matched (3)
3310,san elizario center,11970 socorro rd ste d & e,San Elizario,79849,,,2024,915-212-4942,,1,0,0,1993-01-01,"11970 Socorro Rd, Suite D & E",tx,79849,el paso,TRUE,TRUE,FALSE,TRUE,FALSE,1993-01-01,FALSE,Matched (3)
3314,pershing center,3707 pershing dr,El Paso,79903,,,2024,915-212-4942,,1,0,0,1994-04-01,3707 Pershing Drive,tx,79903,el paso,FALSE,FALSE,FALSE,FALSE,FALSE,1994-04-01,TRUE,Matched (3)
3315,montana vista center,14612 gregg dr,El Paso,79938,,,2024,915-212-4942,,1,0,0,1994-01-01,14612 Gregg Dr,tx,79938,el paso,TRUE,TRUE,TRUE,TRUE,FALSE,1994-01-01,FALSE,Matched (3)
3316,project vida mobile center,3612 pera ave,El Paso,79905,,,2024,915-212-4942,,1,0,0,1994-07-11,3612 Pera Ave,tx,79905,el paso,TRUE,TRUE,FALSE,TRUE,FALSE,1994-07-11,FALSE,Matched (3)
3317,tornillo mobile center,19200 cobb ave,Tornillo,79853,,,2024,915-212-4942,,1,0,0,1995-02-01,19200 Cobb Ave,tx,79853,el paso,FALSE,FALSE,FALSE,FALSE,FALSE,NA,FALSE,Matched (3)
3318,horizon mobile center,15371 kentwood ave,Horizon City,79928,,,2024,915-212-4942,,1,0,0,1995-02-01,15371 Kentwood Ave,tx,79928,el paso,TRUE,TRUE,FALSE,TRUE,FALSE,1995-02-01,FALSE,Matched (3)
3322,center for career and technology academy mobile center,2851 grant ave,El Paso,79930,,,2024,915-212-4942,,1,0,0,1995-02-01,2851 Grant Ave,tx,79930,el paso,TRUE,FALSE,FALSE,TRUE,FALSE,1995-02-01,FALSE,Matched (3)
3323,homeless shelter mobile center,salvation army 4300 e paisano,El Paso,79905,,,2024,915-212-4942,,1,0,0,1995-07-01,Salvation Army 4300 E Paisano,tx,79905,el paso,FALSE,FALSE,FALSE,FALSE,FALSE,1995-07-01,TRUE,Matched (3)
3326,sparks mobile center,106 peyton,Horizon City,79928,,,2024,915-212-4942,,1,0,0,1997-01-28,106 Peyton,tx,79928,el paso,TRUE,TRUE,FALSE,TRUE,FALSE,1997-01-28,FALSE,Matched (3)
3329,ft hancock mobile center,561 s knox ave,Fort Hancock,79839,,,2024,915-212-4942,,1,0,0,1996-02-01,561 S Knox Ave,tx,79839,hudspeth,TRUE,FALSE,FALSE,TRUE,FALSE,1996-02-01,FALSE,Matched (3)
3330,dell city mobile center,dell city ct house main str,Dell City,79837,,,2024,915-212-4942,,1,0,0,1996-02-01,Dell City Court House Main Str,tx,79837,hudspeth,TRUE,TRUE,FALSE,TRUE,FALSE,1996-02-01,FALSE,Matched (3)
3331,sierra blanca mobile center,500 walling st,Sierra Blanca,79851,,,2024,915-212-4942,,1,0,0,1996-02-01,500 Walling Street,tx,79851,hudspeth,TRUE,TRUE,TRUE,TRUE,FALSE,1996-02-01,FALSE,Matched (3)
3334,george dieter mobile center,1757 george dieter ste 109 1,El Paso,79936,,,2024,915-212-4942,,1,0,0,2005-09-01,1757 George Dieter Suite 109-1,tx,79936,el paso,TRUE,TRUE,FALSE,TRUE,FALSE,2005-09-01,FALSE,Matched (3)
3336,americas center,10039 n loop,El Paso,79927,,,2024,915-212-4942,,1,0,0,2009-11-02,10039 North Loop,tx,79927,el paso,TRUE,TRUE,TRUE,TRUE,FALSE,2009-11-02,FALSE,Matched (3)
3338,fabens mobile center,601 ne g ave,Fabens,79838,,,2024,915-212-4942,,0,0,0,.-.-.,601 NE G Ave,tx,79838,el paso,FALSE,TRUE,FALSE,TRUE,FALSE,1993-01-01,FALSE,Matched (3)
3401,abilene health dept,850 n 6th st,Abilene,79601,,,2024,325-692-1680,Wic@Abilenetx.Gov,1,0,0,1993-01-01,850 N 6th St,tx,79601,taylor,TRUE,TRUE,TRUE,TRUE,FALSE,1993-01-01,FALSE,Matched (3)
3501,denton county health department,535 s loop 288 ste 1066,Denton,76205,,,2024,940-349-2930,,1,0,0,1993-01-01,535 South Loop 288 Suite 1066,tx,76205,denton,TRUE,TRUE,TRUE,TRUE,FALSE,1993-01-01,FALSE,Matched (3)
3502,lewisville,190 n valley pkwy,Lewisville,75067,,,2024,972-221-1603,,1,0,0,1993-01-01,190 North Valley Parkway,tx,75067,denton,FALSE,FALSE,FALSE,FALSE,FALSE,1993-01-01,TRUE,Matched (3)
3506,carrollton,3024 e hebron pkwy,Carrollton,75010,,,2024,972-446-1507,,1,0,0,2005-02-01,3024 E. Hebron Pkwy,tx,75010,dallas,FALSE,FALSE,FALSE,FALSE,FALSE,2005-02-01,TRUE,Matched (3)
3601,city of san marcos,215 s reimer ave,San Marcos,78666,,,2024,512-393-8040,,1,0,0,1993-01-01,215 S Reimer Ave,tx,78666,hays,TRUE,FALSE,FALSE,TRUE,FALSE,1993-01-01,FALSE,Matched (3)
3605,seguin,550 n hwy 123 bypass ste 160,Seguin,78155,,,2024,512-393-8040,,1,0,0,1993-01-01,550 N Hwy 123 Bypass Ste 160,tx,78155,guadalupe,TRUE,TRUE,FALSE,TRUE,FALSE,1993-01-01,FALSE,Matched (3)
3606,new braunfels,705 landa st,New Braunfels,78130,,,2024,512-393-8040,,1,0,0,1993-01-01,705 Landa St,tx,78130,comal,TRUE,TRUE,FALSE,TRUE,FALSE,1993-01-01,FALSE,Matched (3)
3612,lockhart,901 bois d arc,Lockhart,78644,,,2024,512-393-8040,,1,0,0,2003-03-01,901 Bois D' Arc,tx,78644,caldwell,TRUE,TRUE,FALSE,TRUE,FALSE,2003-03-01,FALSE,Matched (3)
3620,kyle,150 w lockhart st,Kyle,78640,,,2024,512-393-8040,,0,0,1,1994-02-17,150 W Lockhart St,tx,78640,hays,FALSE,TRUE,FALSE,TRUE,FALSE,1994-02-17,FALSE,Matched (3)
3701,cuero,201 leonard roy harmon dr cuero park clubhouse,Cuero,77954,,,2024,361-578-2884,,1,0,0,1993-01-01,"201 Leonard Roy Harmon Dr, Cuero Park Clubhouse",tx,77954,dewitt,TRUE,FALSE,FALSE,TRUE,FALSE,1993-01-01,FALSE,Matched (3)
3702,edna,411 n wells jackson county services building,Edna,77957,,,2024,361-578-2884,,1,0,0,1993-01-01,"411 North Wells, Jackson County Services Building",tx,77957,jackson,TRUE,FALSE,FALSE,TRUE,FALSE,1993-01-01,FALSE,Matched (3)
3704,port lavaca,17 w ash st,Port Lavaca,77979,,,2024,361-578-2884,,1,0,0,1993-01-01,17 W Ash St,tx,77979,calhoun,TRUE,FALSE,FALSE,TRUE,FALSE,1993-01-01,FALSE,Matched (3)
3705,goliad housing authority,360 n fort st,Goliad,77963,,,2024,361-578-2884,,1,0,0,1993-01-01,360 North Fort Street,tx,77963,goliad,TRUE,TRUE,TRUE,TRUE,FALSE,1993-01-01,FALSE,Matched (3)
3706,yoakum community hospital annex,206 w hugo,Yoakum,77995,,,2024,361-578-2884,,1,0,0,1993-01-01,206 West Hugo,tx,77995,lavaca,TRUE,TRUE,TRUE,TRUE,FALSE,1993-01-01,FALSE,Matched (3)
3707,yorktown housing authority,community room 406 n eckhardt,Yorktown,78164,,,2024,361-578-2884,,1,0,0,1993-01-01,Community Room 406 N Eckhardt,tx,78164,dewitt,TRUE,TRUE,FALSE,TRUE,FALSE,1993-01-01,FALSE,Matched (3)
3708,victoria co health dept,2805 navarro,Victoria,77901,,,2024,361-578-2884,,1,0,0,1993-01-01,2805 Navarro,tx,77901,victoria,TRUE,FALSE,TRUE,TRUE,FALSE,1993-01-01,FALSE,Matched (3)
3801,corpus christi nueces co health district,1702 horne rd,Corpus Christi,78416,,,2024,361-826-1355,Corpuschristiwic@Cctexas.Com,1,0,0,1993-01-01,1702 Horne Road,tx,78416,nueces,TRUE,FALSE,TRUE,TRUE,FALSE,1993-01-01,FALSE,Matched (3)
3803,flour bluff,2629 waldron rd,Corpus Christi,78418,,,2024,361-826-1355,Corpuschristiwic@Cctexas.Com,1,0,0,1993-01-01,"Janet Harte Library, 2629 Waldron Rd",tx,78418,nueces,TRUE,TRUE,FALSE,TRUE,FALSE,1993-01-01,FALSE,Matched (3)
3902,jacksonville,335 neches st,Jacksonville,75766,,,2024,903-589-0734,,1,0,0,1993-01-01,335 Neches St,tx,75766,cherokee,TRUE,TRUE,FALSE,TRUE,FALSE,1993-01-01,FALSE,Matched (3)
3903,lindale,402 w hubbard,Lindale,75771,,,2024,903-592-7635,,1,0,0,1994-10-13,402 West Hubbard,tx,75771,smith,TRUE,FALSE,TRUE,TRUE,FALSE,1994-10-13,FALSE,Matched (3)
3904,tyler,815 n broadway,Tyler,75701,,,2024,903-592-7635,,1,0,0,1993-01-01,815 North Broadway,tx,75701,smith,FALSE,FALSE,FALSE,FALSE,FALSE,1993-01-01,TRUE,Matched (3)
3907,gilmer,100 buffalo st,Gilmer,75644,,,2024,903-843-7561,,1,0,0,2010-01-01,100 Buffalo St,tx,75644,upshur,TRUE,TRUE,FALSE,TRUE,FALSE,2010-01-01,FALSE,Matched (3)
3908,daingerfield,1402 b linda dr,Daingerfield,75638,,,2024,903-645-2005,,1,0,0,2010-01-01,1402-B Linda Drive,tx,75638,morris,TRUE,TRUE,TRUE,TRUE,FALSE,1996-12-01,FALSE,Matched (3)
3909,quitman,1020 e goode st,Quitman,75783,,,2024,903-763-4123,,1,0,0,2010-01-01,1020 East Goode Street,tx,75783,wood,TRUE,TRUE,FALSE,TRUE,FALSE,2010-01-01,FALSE,Matched (3)
3910,canton,301 e state hwy 243 ste 107,Canton,75103,,,2024,903-567-6732,,1,0,0,2010-01-01,301 E State Hwy 243 Ste 107,tx,75103,van zandt,TRUE,TRUE,FALSE,TRUE,FALSE,2010-01-01,FALSE,Matched (3)
3912,alto,123 busy bee st,Alto,75925,,,2024,936-589-0734,,1,0,0,1994-03-03,123 Busy Bee St,tx,75925,cherokee,TRUE,FALSE,FALSE,TRUE,FALSE,1994-03-03,FALSE,Matched (3)
3914,family care center,"225 e amherst st, ste 800",Tyler,75701,,,2024,(903) 533-1319,,1,0,0,1997-07-11,"225 E. Amherst St, Ste 800",tx,75701,smith,TRUE,TRUE,FALSE,TRUE,FALSE,1997-07-11,FALSE,Matched (3)
3915,atlanta,211 n pinecrest dr suit,Atlanta,75551,,,2024,903-799-5298,,1,0,0,1998-11-01,211 North Pinecrest Drive Suit,tx,75551,cass,TRUE,TRUE,FALSE,TRUE,FALSE,1998-11-01,FALSE,Matched (3)
3917,jefferson,1113 n walcott,Jefferson,75657,,,2024,903-665-9266,,1,0,0,1998-11-01,1113 N Walcott,tx,75657,marion,TRUE,TRUE,FALSE,TRUE,FALSE,1993-01-01,FALSE,Matched (3)
3918,marshall,310 e bowie,Marshall,75670,,,2024,903-935-1781,,1,0,0,1993-01-01,310 East Bowie,tx,75670,harrison,TRUE,TRUE,TRUE,TRUE,FALSE,1993-01-01,FALSE,Matched (3)
3919,carthage,446 w sabine,Carthage,75633,,,2024,903-693-9331,,1,0,0,1998-11-01,446 West Sabine,tx,75633,panola,TRUE,TRUE,FALSE,TRUE,FALSE,1993-01-01,FALSE,Matched (3)
3920,henderson,1115 hwy 259 s ste d,Henderson,75654,,,2024,903-657-5056,,1,0,0,1998-11-01,1115 Hwy 259 S Ste D,tx,75654,rusk,FALSE,FALSE,FALSE,FALSE,FALSE,1998-11-01,TRUE,Matched (3)
3921,mount pleasant,2001 w ferguson rd ste 3010,Mt Pleasant,75455,,,2024,903-572-9879,,0,0,1,1993-01-01,2001 W Ferguson Rd Ste 3010,tx,75455,titus,FALSE,TRUE,FALSE,TRUE,FALSE,1993-01-01,FALSE,Matched (3)
3922,clarksville,1608 e main st ste a,Clarksville,75426,,,2024,903-427-1563,,0,0,1,1993-01-01,1608 East Main St Ste A,tx,75426,red river,FALSE,TRUE,FALSE,TRUE,FALSE,1993-01-01,FALSE,Matched (3)
3923,sulphur springs,1335 shannon rd e ste a,Sulphur Springs,75482,,,2024,903-885-2813,,0,0,1,1993-01-01,"1335 Shannon Road East, Suite A",tx,75482,hopkins,FALSE,TRUE,FALSE,TRUE,FALSE,1993-01-01,FALSE,Matched (3)
3924,palestine,305 e lacy st ste 130,Palestine,75801,,,2024,903-729-2310,,0,0,1,1993-01-01,305 East Lacy St Ste 130,tx,75801,anderson,FALSE,TRUE,FALSE,TRUE,FALSE,1993-01-01,FALSE,Matched (3)
3925,gun barrel city,1901 w main st,Gun Barrel City,75156,,,2024,903-887-0212,,0,0,0,.-.-.,1901 W Main St,tx,75156,henderson,FALSE,FALSE,FALSE,FALSE,FALSE,NA,FALSE,Matched (3)
3926,athens,1212 s palestine st,Athens,75751,,,2024,903-677-2400,,0,0,1,1993-01-01,1212 S Palestine St,tx,75751,henderson,FALSE,TRUE,FALSE,TRUE,FALSE,1993-01-01,FALSE,Matched (3)
4001,beaumont health department,3040 college st,Beaumont,77701,,,2024,409-832-4000,Jammie.Wright@Beaumonttexas.Gov,1,0,0,1993-01-01,3040 College St,tx,77701,jefferson,FALSE,FALSE,FALSE,FALSE,FALSE,1993-01-01,TRUE,Matched (3)
4101,buena vista,2315 buena vista st,San Antonio,78207,,,2024,210-207-4906,Kelly.Bocanegra@sanantonio.gov,1,0,0,1993-01-01,2315 Buena Vista Street,tx,78207,bexar,TRUE,TRUE,TRUE,TRUE,FALSE,1993-01-01,FALSE,Matched (3)
4103,pecan valley,802 pecan valley dr,San Antonio,78220,,,2024,210-207-4715,Kelly.Bocanegra@sanantonio.gov,1,0,0,1993-01-01,802 Pecan Valley Drive,tx,78220,bexar,TRUE,TRUE,TRUE,TRUE,FALSE,1993-01-01,FALSE,Matched (3)
4109,marbach,7452 w military dr,San Antonio,78227,,,2024,210-207-4690,Kelly.Bocanegra@sanantonio.gov,1,0,0,1996-06-01,7452 W Military Dr,tx,78227,bexar,TRUE,TRUE,TRUE,TRUE,FALSE,1996-06-01,FALSE,Matched (3)
4110,south flores,6723 s flores ste 106,San Antonio,78221,,,2024,210-207-4555,Kelly.Bocanegra@sanantonio.gov,1,0,0,1993-01-01,6723 South Flores Suite 106,tx,78221,bexar,TRUE,TRUE,TRUE,TRUE,FALSE,1993-01-01,FALSE,Matched (3)
4111,zarzamora,4503 s zarzamora,San Antonio,78211,,,2024,210-207-4720,Kelly.Bocanegra@sanantonio.gov,1,0,0,1993-01-01,4503 South Zarzamora,tx,78211,bexar,TRUE,TRUE,TRUE,TRUE,FALSE,1993-01-01,FALSE,Matched (3)
4116,salinas,630 s general mcmullen,San Antonio,78237,,,2024,210-207-4700,Kelly.Bocanegra@sanantonio.gov,1,0,0,1993-01-01,630 South General Mcmullen,tx,78237,bexar,TRUE,TRUE,TRUE,TRUE,FALSE,1993-01-01,FALSE,Matched (3)
4117,naco perrin,4020 naco perrin,San Antonio,78217,,,2024,210-207-4742,Kelly.Bocanegra@sanantonio.gov,1,0,0,1996-08-15,4020 Naco Perrin,tx,78217,bexar,TRUE,TRUE,FALSE,TRUE,FALSE,1996-08-15,FALSE,Matched (3)
4118,callaghan,4412 callaghan,San Antonio,78228,,,2024,210-207-4694,Kelly.Bocanegra@sanantonio.gov,1,0,0,1993-01-01,4412 Callaghan,tx,78228,bexar,TRUE,TRUE,TRUE,TRUE,FALSE,1993-01-01,FALSE,Matched (3)
4120,rittiman,4343 rittiman rd,San Antonio,78218,,,2024,210-207-4750,Kelly.Bocanegra@sanantonio.gov,1,0,0,1994-01-05,4343 Rittiman Road,tx,78218,bexar,TRUE,TRUE,FALSE,TRUE,FALSE,1994-01-05,FALSE,Matched (3)
4121,sabine,9179 grissom rd ste 147,San Antonio,78251,,,2024,210-207-4754,Kelly.Bocanegra@sanantonio.gov,1,0,0,1994-10-17,"Cross Creek Shopping Center, 9179 Grissom Road, Suite 147",tx,78251,bexar,FALSE,FALSE,FALSE,FALSE,FALSE,1994-10-17,TRUE,Matched (3)
4201,georgetown health center,1200 w 17th st,Georgetown,78626,,,2024,512-943-3680,Georgetownwic@Wilco.Org,1,0,0,1993-01-01,"Appointments are now in person. Please enter the WIC clinic building for your appointment., 1200 W 17th St",tx,78626,williamson,TRUE,FALSE,FALSE,TRUE,FALSE,1993-01-01,FALSE,Matched (3)
4202,taylor health center,115 w 6th st,Taylor,76574,,,2024,512-352-4109,Taylorwic@Wilco.Org,1,0,0,1993-01-01,"Appointments are now in person. Please enter the WIC clinic building for your appointment., 115 West 6Th Street",tx,76574,williamson,TRUE,FALSE,FALSE,TRUE,FALSE,1993-01-01,FALSE,Matched (3)
4203,round rock health center,355 texas ave,Round Rock,78664,,,2024,512-248-3254,Roundrockwic@Wilco.Org,1,0,0,1993-01-01,"Appointments are now in person. Please enter the WIC clinic building for your appointment., 355 Texas Ave",tx,78664,williamson,TRUE,FALSE,FALSE,TRUE,FALSE,1993-01-01,FALSE,Matched (3)
4204,cedar park health center,350 discovery blvd ste 102,Cedar Park,78613,,,2024,512-260-4241,Cedarparkwic@Wilco.Org,1,0,0,1993-01-01,"Appointments are now in person. Please enter the WIC clinic building for your appointment., 350 Discovery Blvd Suite 102",tx,78613,williamson,TRUE,FALSE,FALSE,TRUE,FALSE,1993-01-01,FALSE,Matched (3)
4210,liberty hill crc,155 hillcrest ln ste b,Liberty Hill,78642,,,2024,512-943-3680,Georgetownwic@Wilco.Org,0,0,0,.-.-.,"Appointments are now in person. Please enter the WIC clinic building for your appointment., 155 Hillcrest Ln Ste B",tx,78642,williamson,FALSE,FALSE,FALSE,FALSE,FALSE,NA,FALSE,Matched (3)
4301,gonzales community health center,229 saint george st,Gonzales,78629,,,2024,830-672-7083,,1,0,0,1993-01-01,229 Saint George Street,tx,78629,gonzales,TRUE,TRUE,FALSE,TRUE,FALSE,1993-01-01,FALSE,Matched (3)
4303,nixon,217 n nixon ave,Nixon,78140,,,2024,830-672-7083,,1,0,0,1993-01-01,217 N Nixon Ave,tx,78140,gonzales,TRUE,FALSE,FALSE,TRUE,FALSE,1993-01-01,FALSE,Matched (3)
4304,hallettsville,200 a e 5th st,Hallettsville,77964,,,2024,830-672-7083,,1,0,0,1996-10-01,200-A East 5Th Street,tx,77964,lavaca,TRUE,TRUE,TRUE,TRUE,FALSE,1996-10-01,FALSE,Matched (3)
4305,waelder,311 hwy 90 w,Waelder,78959,,,2024,830-672-7083,,0,0,0,.-.-.,311 Hwy 90 W,tx,78959,gonzales,FALSE,FALSE,FALSE,FALSE,FALSE,NA,FALSE,Matched (3)
4401,del rio city of )-program,200 bridge st,Del Rio,78840,,,2024,830-774-8609,,1,0,0,1993-01-01,200 Bridge Street,tx,78840,val verde,TRUE,FALSE,TRUE,TRUE,FALSE,1993-01-01,FALSE,Matched (3)
4404,city of del rio program lafb,47 fss fsh,Laughlin AFB,78843,,,2024,830-774-8609,,1,0,0,1996-07-08,"Military & Family Readiness Center, 47 FSS/FSH",tx,78843,val verde,TRUE,FALSE,FALSE,TRUE,FALSE,1996-07-08,FALSE,Matched (3)
4601,angleton,1108 c e mulberry st,Angleton,77515,,,2024,979-864-1576,,1,0,0,1993-01-01,1108-C East Mulberry St,tx,77515,brazoria,TRUE,TRUE,FALSE,TRUE,FALSE,1993-01-01,FALSE,Matched (3)
4602,lake jackson,202 peach st,Lake Jackson,77566,,,2024,979-388-1576,,1,0,0,1993-01-01,202 Peach St,tx,77566,brazoria,FALSE,FALSE,FALSE,FALSE,FALSE,NA,FALSE,Matched (3)
4603,alvin,1009 s hood st,Alvin,77511,,,2024,281-756-1576,,1,0,0,1993-01-01,1009 South Hood Street,tx,77511,brazoria,TRUE,TRUE,TRUE,TRUE,FALSE,1993-01-01,FALSE,Matched (3)
4606,brazoria,203 n nevada st,Brazoria,77422,,,2024,979-864-1576,,1,0,0,2002-07-03,203  North Nevada Street,tx,77422,brazoria,FALSE,FALSE,FALSE,FALSE,FALSE,2002-07-03,TRUE,Matched (3)
4608,pearland,2825 miller ranch rd ste 233,Pearland,77584,,,2024,281-756-1576,,1,0,0,2003-04-01,2825 Miller Ranch Road Ste 233,tx,77584,harris,TRUE,TRUE,TRUE,TRUE,FALSE,2003-04-01,FALSE,Matched (3)
4802,antoine center,5815 antoine ste a,Houston,77091,,,2024,713-407-5800,,1,0,0,1993-01-01,5815 Antoine Suite #A,tx,77091,harris,TRUE,FALSE,TRUE,TRUE,FALSE,1993-01-01,FALSE,Matched (3)
4803,humble center,8950 will clayton pkwy ste a,Humble,77338,,,2024,713-407-5800,,1,0,0,1993-01-01,8950 Will Clayton Pkwy. Suite A,tx,77338,harris,TRUE,FALSE,TRUE,TRUE,FALSE,1993-01-01,FALSE,Matched (3)
4807,cypress station center,221 fm 1960 w ste a,Houston,77090,,,2024,713-407-5800,,1,0,0,1992-10-14,221 Fm 1960 West Ste A,tx,77090,harris,TRUE,FALSE,FALSE,TRUE,FALSE,1992-10-14,FALSE,Matched (3)
4808,southeast center,3737 red bluff rd,Pasadena,77503,,,2024,713-407-5800,,1,0,0,1996-08-05,3737 Red Bluff Rd,tx,77503,harris,FALSE,FALSE,TRUE,TRUE,FALSE,1993-01-01,FALSE,Matched (3)
4809,baytown center,1000 lee dr,Baytown,77520,,,2024,713-407-5800,,1,0,0,1997-06-01,1000 Lee Dr,tx,77520,harris,FALSE,FALSE,TRUE,TRUE,FALSE,1993-01-01,FALSE,Matched (3)
4816,tomball center,701 e main st ste 145,Tomball,77375,,,2024,713-407-5800,,1,0,0,1997-12-10,701 East Main Street Suite 145,tx,77375,harris,TRUE,TRUE,FALSE,TRUE,FALSE,1997-12-10,FALSE,Matched (3)
4820,bear creek center,16233 clay rd ste 318,Houston,77084,,,2024,713-407-5800,,1,0,0,1999-01-15,"16233 Clay Road, Suite 318",tx,77084,harris,TRUE,TRUE,TRUE,TRUE,FALSE,1999-01-15,FALSE,Matched (3)
4821,scarsdale center,10851 scarsdale blvd ste 116,Houston,77089,,,2024,713-407-5800,,1,0,0,2000-04-10,"10851 Scarsdale Boulevard, Suite 116",tx,77089,harris,TRUE,TRUE,TRUE,TRUE,FALSE,2000-04-10,FALSE,Matched (3)
4822,emerald plaza center,11509 veterans memorial ste 400,Houston,77067,,,2024,713-407-5800,,1,0,0,1993-01-01,"11509 Veterans Memorial, Suite 400",tx,77067,harris,TRUE,TRUE,TRUE,TRUE,FALSE,1993-01-01,FALSE,Matched (3)
4824,fallbrook center,14901 sh 249 tomball pkwy ste 107,Houston,77086,,,2024,713-407-5800,,1,0,0,2009-09-28,"14901 SH 249 Tomball Parkway, Suite 107",tx,77086,harris,TRUE,TRUE,FALSE,TRUE,FALSE,2009-09-28,FALSE,Matched (3)
4901,frio county,411 e brazos ste c,Pearsall,78061,,,2024,830-505-7385,WICLA049@friocounty.org,1,0,0,1993-01-01,411 East Brazos Suite C,tx,78061,frio,TRUE,TRUE,TRUE,TRUE,FALSE,1993-01-01,FALSE,Matched (3)
4902,dilley,101 n commerce,Dilley,78017,,,2024,830-326-3254,WICLA049@friocounty.org,1,0,0,1993-01-01,101 N. Commerce,tx,78017,frio,TRUE,TRUE,TRUE,TRUE,FALSE,1993-01-01,FALSE,Matched (3)
5101,san patricio county sinton,313 n rachal ave,Sinton,78387,,,2024,361-587-3510,,1,0,0,1993-01-01,313 North Rachal Avenue,tx,78387,san patricio,TRUE,FALSE,TRUE,TRUE,FALSE,1993-01-01,FALSE,Matched (3)
5102,san patricio county ingleside,2681 san angelo,Ingleside,78362,,,2024,361-776-3819,,1,0,0,1993-01-01,2681 San Angelo,tx,78362,nueces,TRUE,FALSE,TRUE,TRUE,FALSE,1993-01-01,FALSE,Matched (3)
5103,san patricio county mathis,600 n frio st,Mathis,78368,,,2024,361-587-3655,,1,0,0,1993-01-01,600 North Frio Street,tx,78368,san patricio,TRUE,FALSE,TRUE,TRUE,FALSE,1993-01-01,FALSE,Matched (3)
5106,san patricio county gregory portland,107 church st,Gregory,78359,,,2024,361-643-8205,,1,0,0,1993-01-01,107 Church Street,tx,78359,san patricio,TRUE,FALSE,TRUE,TRUE,FALSE,1993-01-01,FALSE,Matched (3)
5110,san patricio county refugio special procedures -,245 fairgrounds rd expo center,Refugio,78377,,,2024,361-343-0907,,0,1,0,1993-01-01,"No In Person Services - For Assistance Email WIC51@sanpatriciocountytx.gov, 245 Fairgrounds Rd Expo Center",tx,78377,refugio,FALSE,FALSE,FALSE,FALSE,FALSE,NA,FALSE,Matched (3)
5111,san patricio county aransas pass,1212 w wheeler ave,Aransas Pass,78336,,,2024,361-758-2102,,0,0,0,.-.-.,1212 W Wheeler Ave,tx,78336,nueces,FALSE,FALSE,FALSE,FALSE,FALSE,NA,FALSE,Matched (3)
5402,lake worth in person services-,3800 adam grubb rd,Lake Worth,76135,,,2024,817-321-5400,,1,0,0,1993-01-01,3800 Adam Grubb Rd,tx,76135,tarrant,TRUE,FALSE,TRUE,TRUE,FALSE,1993-01-01,FALSE,Matched (3)
5403,arkansas in person services-,2596 e arkansas ln ste 180,Arlington,76014,,,2024,817-321-5400,,1,0,0,1993-01-01,2596 East Arkansas Ln Suite 180,tx,76014,dallas,FALSE,FALSE,FALSE,FALSE,FALSE,1993-01-01,TRUE,Matched (3)
5405,white settlement in person services -,1638 s cherry ln,White Settlement,76108,,,2024,817-321-5400,,1,0,0,1993-01-01,1638 South Cherry Lane,tx,76108,tarrant,TRUE,FALSE,TRUE,TRUE,FALSE,1993-01-01,FALSE,Matched (3)
5407,haltom city,4113 denton hwy,Haltom City,76117,,,2024,817-321-5400,,1,0,0,1993-01-01,4113 Denton Hwy,tx,76117,tarrant,TRUE,TRUE,TRUE,TRUE,FALSE,1993-01-01,FALSE,Matched (3)
5410,euless in person services-,417 w euless blvd ste 200,Euless,76040,,,2024,817-321-5400,,1,0,0,1993-01-01,417 West Euless Blvd Ste 200,tx,76040,NA,TRUE,FALSE,TRUE,TRUE,FALSE,1993-01-01,FALSE,Matched (3)
5412,resource connection,2500 circle dr ste 400,Fort Worth,76119,,,2024,817-321-5400,,1,0,0,1993-01-01,2500 Circle Drive Suite 400,tx,76119,tarrant,TRUE,TRUE,FALSE,TRUE,FALSE,1993-01-01,FALSE,Matched (3)
5417,southwest,6551 granbury rd,Fort Worth,76133,,,2024,817-321-5400,,1,0,0,1997-10-01,6551 Granbury Rd,tx,76133,tarrant,TRUE,TRUE,FALSE,TRUE,FALSE,1997-10-01,FALSE,Matched (3)
5418,miller,3212 miller ave,Fort Worth,76119,,,2024,817-321-5400,,1,0,0,1997-10-01,3212 Miller Ave,tx,76119,tarrant,TRUE,TRUE,TRUE,TRUE,FALSE,1997-10-01,FALSE,Matched (3)
5419,southside in person services-,1101 s main st ste 1401,Fort Worth,76104,,,2024,817-321-5400,,1,0,0,1993-01-01,1101 South Main Street Suite 1401,tx,76104,tarrant,TRUE,FALSE,TRUE,TRUE,FALSE,1993-01-01,FALSE,Matched (3)
5434,east side in person services-,1100 bridgewood ste 116,Fort Worth,76112,,,2024,817-321-5400,,1,0,0,2000-01-06,1100 Bridgewood Suite 116,tx,76112,tarrant,TRUE,FALSE,FALSE,TRUE,FALSE,2000-01-06,FALSE,Matched (3)
5439,south east green oaks in person services-,2001 s e green oaks blvd ste 150,Arlington,76018,,,2024,817-321-5400,,1,0,0,2008-02-05,"2001 South East Green Oaks Blvd, Suite 150",tx,76018,dallas,TRUE,FALSE,FALSE,TRUE,FALSE,2008-02-05,FALSE,Matched (3)
5601,city of san angelo,52 w college ave,San Angelo,76903,,,2024,325-657-4396,,1,0,0,1993-01-01,52 West College Ave,tx,76903,tom green,TRUE,FALSE,FALSE,TRUE,FALSE,1993-01-01,FALSE,Matched (3)
5603,ballinger,1501 n broadway st,Ballinger,76821,,,2024,325-365-5925,,1,0,0,1993-01-01,1501 North Broadway St,tx,76821,runnels,TRUE,TRUE,FALSE,TRUE,FALSE,1993-01-01,FALSE,Matched (3)
5604,coleman,114 needham st,Coleman,76834,,,2024,325-625-3447,,1,0,0,1993-01-01,114 Needham St,tx,76834,coleman,TRUE,TRUE,FALSE,TRUE,FALSE,1993-01-01,FALSE,Matched (3)
5801,lufkin,205 shands dr,Lufkin,75904,,,2024,936-637-7242,Emalloy@Acchd.Us,1,0,0,1993-01-01,205 Shands Dr,tx,75904,angelina,TRUE,TRUE,FALSE,TRUE,FALSE,1993-01-01,FALSE,Matched (3)
5802,diboll special procedures -,201 n temple,Diboll,75941,,,2024,936-829-4666,Emalloy@Acchd.Us,1,0,0,1993-01-01,"For Assistance Call 936-637-7242, 201 N Temple",tx,75941,angelina,TRUE,FALSE,FALSE,TRUE,FALSE,1993-01-01,FALSE,Matched (3)
5803,huntington special procedures -,1179 n us hwy 69,Huntington,75949,,,2024,936-637-7242,Emalloy@Acchd.Us,1,0,0,1993-01-01,"Huntington Civic Center, 1179 N Us Highway 69",tx,75949,angelina,TRUE,FALSE,FALSE,TRUE,FALSE,1993-01-01,FALSE,Matched (3)
5804,zavalla special procedures -,youth building 16663 fm 2109,Zavalla,75980,,,2024,936-637-7242,Emalloy@Acchd.Us,1,0,0,1993-01-01,"Solid Rock Missionary Baptist Church, Youth Building, 16663 FM 2109",tx,75980,angelina,TRUE,FALSE,FALSE,TRUE,FALSE,1993-01-01,FALSE,Matched (3)
5901,communicare west campus,1102 barclay st,San Antonio,78207,,,2024,210-233-7150,,1,0,0,1993-02-01,1102 Barclay St,tx,78207,bexar,FALSE,FALSE,FALSE,FALSE,FALSE,1993-02-01,TRUE,Matched (3)
5914,communicare northwest,7863 callaghan rd ste 206,San Antonio,78229,,,2024,210-233-7150,,0,0,0,.-.-.,7863 Callaghan Rd Suite 206,tx,78229,bexar,FALSE,FALSE,FALSE,FALSE,FALSE,NA,FALSE,Matched (3)
5915,communicare potranco,10002 westover bluff,San Antonio,78251,,,2024,(210) 233-7150,,0,0,0,.-.-.,10002 Westover Bluff,tx,78251,bexar,FALSE,FALSE,FALSE,FALSE,FALSE,NA,FALSE,Matched (3)
5935,luckey ranch,11880 us hwy 90 ste 104,San Antonio,78245,,,2024,210-233-7150,,0,0,0,.-.-.,11880 Us Hwy 90 Suite 104,tx,78245,bexar,FALSE,FALSE,FALSE,FALSE,FALSE,NA,FALSE,Matched (3)
6001,bay city,3007 ave f,Bay City,77414,,,2024,979-245-9848,WIC@MatagordaRegional.org,1,0,0,1993-01-01,3007 Avenue F,tx,77414,matagorda,TRUE,TRUE,TRUE,TRUE,FALSE,1993-01-01,FALSE,Matched (3)
6002,palacios,304 4th st,Palacios,77465,,,2024,361-972-2351,WIC@MatagordaRegional.org,1,0,0,1993-01-01,304 4th St,tx,77465,matagorda,TRUE,FALSE,FALSE,TRUE,FALSE,1993-01-01,FALSE,Matched (3)
6101,jasper newton county health,210 high st,Newton,75966,,,2024,409-379-2753,wic6100@jaspernewton.org,1,0,0,1993-01-01,210 High Street,tx,75966,newton,TRUE,FALSE,TRUE,TRUE,FALSE,1993-01-01,FALSE,Matched (3)
6102,jasper newton county health,139 w lamar,Jasper,75951,,,2024,409-384-3868,wic6100@jaspernewton.org,1,0,0,1993-01-01,139 West Lamar,tx,75951,jasper,TRUE,FALSE,TRUE,TRUE,FALSE,1993-01-01,FALSE,Matched (3)
6103,jasper newton county health,33625 us 96,Buna,77612,,,2024,409-994-5950,wic6100@jaspernewton.org,1,0,0,1993-03-18,33625 US-96,tx,77612,jasper,TRUE,FALSE,FALSE,TRUE,FALSE,1993-03-18,FALSE,Matched (3)
6107,6107,581 s el camino crossing,San Augustine,75972,,,2024,936-275-5331,wic6100@jaspernewton.org,1,0,0,1993-01-01,581 S El Camino Crossing,tx,75972,san augustine,TRUE,FALSE,FALSE,TRUE,FALSE,1993-01-01,FALSE,Matched (3)
6110,kirbyville,204 mlk ave,Kirbyville,75956,,,2024,409-509-0315,wic6100@jaspernewton.org,0,0,0,.-.-.,204 MLK Ave,tx,75956,newton,FALSE,FALSE,FALSE,FALSE,FALSE,NA,FALSE,Matched (3)
6201,paris lamar county health department,400 w sherman st,Paris,75460,,,2024,903-784-1411,CarlaR@suddenlinkmail.com,1,0,0,1993-01-01,400 W Sherman St,tx,75460,lamar,TRUE,TRUE,FALSE,TRUE,FALSE,1993-01-01,FALSE,Matched (3)
6301,hardin county health dept,1135 redwood st,Kountze,77625,,,2024,409-246-8383,,1,0,0,1993-01-01,1135 Redwood St,tx,77625,hardin,TRUE,TRUE,FALSE,TRUE,FALSE,1993-01-01,FALSE,Matched (3)
6304,silsbee,603 hwy 418 w,Silsbee,77656,,,2024,409-246-8383,Wic@Co.Hardin.Tx.Us,1,0,0,1993-04-21,603 Hwy 418 W,tx,77656,hardin,TRUE,TRUE,FALSE,TRUE,FALSE,1993-04-21,FALSE,Matched (3)
6305,sour lake,615 hwy 105 w,Sour Lake,77659,,,2024,409-246-8383,Wic@Co.Hardin.Tx.Us,1,0,0,2004-03-02,615 Hwy 105 W.,tx,77659,hardin,TRUE,TRUE,FALSE,TRUE,FALSE,2004-03-02,FALSE,Matched (3)
6307,hardin county remote,826 n main st,Lumberton,77657,,,2024,409-673-0508,Wic@Co.Hardin.Tx.Us,0,0,0,.-.-.,826 N Main St,tx,77657,hardin,FALSE,FALSE,FALSE,FALSE,FALSE,NA,FALSE,Matched (3)
6401,medina county health unit,1402 ave m,Hondo,78861,,,2024,830-741-6144,mandi.wilcox@medinatx.org,1,0,0,1993-01-01,1402 Avenue M,tx,78861,medina,TRUE,TRUE,FALSE,TRUE,FALSE,1993-01-01,FALSE,Matched (3)
6402,devine,317 state hwy 132 n,Devine,78016,,,2024,830-665-8044,mandi.wilcox@medinatx.org,1,0,0,1993-01-01,317 State Hwy 132 N,tx,78016,medina,TRUE,FALSE,TRUE,TRUE,FALSE,1993-01-01,FALSE,Matched (3)
6403,castroville,8366 fm 471 s,Castroville,78009,,,2024,830-931-4044,mandi.wilcox@medinatx.org,1,0,0,1993-01-01,8366 Fm 471 S,tx,78009,medina,TRUE,TRUE,FALSE,TRUE,FALSE,1993-01-01,FALSE,Matched (3)
6404,bandera,1207 cottonwood st,Bandera,78003,,,2024,830-460-7378,mandi.wilcox@medinatx.org,1,0,0,1995-11-15,1207 Cottonwood Street,tx,78003,bandera,TRUE,TRUE,FALSE,TRUE,FALSE,1995-11-15,FALSE,Matched (3)
6405,camp wood,201 4th st,Camp Wood,78833,,,2024,866-419-8564,mandi.wilcox@medinatx.org,1,0,0,1993-01-01,201 4Th St,tx,78833,edwards,TRUE,TRUE,FALSE,TRUE,FALSE,1993-01-01,FALSE,Matched (3)
6406,rocksprings,102 n nueces st,Rocksprings,78880,,,2024,866-419-8564,mandi.wilcox@medinatx.org,1,0,0,1993-01-01,102 N Nueces St,tx,78880,edwards,TRUE,TRUE,FALSE,TRUE,FALSE,1993-01-01,FALSE,Matched (3)
6410,lytle,15306 main st unit 2,Lytle,78052,,,2024,830-665-8044,mandi.wilcox@medinatx.org,0,0,0,.-.-.,"15306 Main Street, Unit 2",tx,78052,bexar,FALSE,FALSE,FALSE,FALSE,FALSE,NA,FALSE,Matched (3)
6411,atascosa,608 mesquite st,Jourdanton,78026,,,2024,830-767-0903,mandi.wilcox@medinatx.org,0,0,0,.-.-.,608 Mesquite St,tx,78026,atascosa,FALSE,FALSE,FALSE,FALSE,FALSE,NA,FALSE,Matched (3)
6501,texarkana bowie county,902 w 12th st,Texarkana,75501,,,2024,903-798-3250,Kristi.kilgore@texarkanatexas.gov,1,0,0,1993-01-01,"In Person Services, 902 West 12Th Street",tx,75501,bowie,TRUE,TRUE,FALSE,TRUE,FALSE,1993-01-01,FALSE,Matched (3)
6701,corsicana navarro,219 w sixth ave,Corsicana,75110,,,2024,903-872-6743,abarajas@navarrohealth.com,1,0,0,1993-01-01,219 W Sixth Ave,tx,75110,navarro,TRUE,FALSE,FALSE,TRUE,FALSE,1993-01-01,FALSE,Matched (3)
6901,beeville,3811 n saint mary s st,Beeville,78102,,,2024,361-358-9300,swillow@ccsct.org,1,0,0,2007-10-01,3811 N Saint Mary'S St,tx,78102,bee,TRUE,TRUE,FALSE,TRUE,FALSE,2007-10-01,FALSE,Matched (3)
6902,karnes county,302 n butler st,Karnes City,78118,,,2024,830-583-3685,swillow@ccsct.org,1,0,0,1993-01-01,302 N Butler St,tx,78118,karnes,FALSE,FALSE,FALSE,FALSE,FALSE,NA,FALSE,Matched (3)
6903,wilson county,1104 d st,Floresville,78114,,,2024,830-393-7423,swillow@ccsct.org,1,0,0,1993-01-01,1104 D Street,tx,78114,wilson,TRUE,TRUE,FALSE,TRUE,FALSE,1993-01-01,FALSE,Matched (3)
7001,chambers county health department,102 airport rd,Anahuac,77514,,,2024,409-267-2772,atorres@chamberstx.gov,1,0,0,1993-01-01,102 Airport Rd,tx,77514,chambers,TRUE,FALSE,FALSE,TRUE,FALSE,1993-01-01,FALSE,Matched (3)
7002,winnie,108 e fear rd,Winnie,77665,,,2024,409-267-2652,atorres@chamberstx.gov,1,0,0,1993-07-01,108 East Fear Rd,tx,77665,chambers,TRUE,TRUE,FALSE,TRUE,FALSE,1993-07-01,FALSE,Matched (3)
7003,mount belvieu,10616 eagle dr,Mount Belvieu,77580,,,2024,409-267-2620,atorres@chamberstx.gov,1,0,0,1993-07-01,10616 Eagle Drive,tx,77580,chambers,TRUE,FALSE,TRUE,TRUE,FALSE,1993-07-01,FALSE,Matched (3)
7101,collin county health care services,825 n mcdonald st ste 120,Mckinney,75069,,,2024,972-548-5543,mckinneywic@co.collin.tx.us,1,0,0,1993-01-01,"825 N McDonald St , Suite 120",tx,75069,collin,TRUE,FALSE,TRUE,TRUE,FALSE,1993-01-01,FALSE,Matched (3)
7102,collin county health care services,900 e park blvd ste 165,Plano,75074,,,2024,972-633-3350,mckinneywic@co.collin.tx.us,1,0,0,1993-11-08,"900 East Park Blvd, Suite 165",tx,75074,collin,TRUE,TRUE,TRUE,TRUE,FALSE,1993-11-08,FALSE,Matched (3)
7301,centromed sw military dr,910 s w military dr,San Antonio,78221,,,2024,210-924-6004,wic.help@centromedsa.com,1,0,0,1993-01-01,910 S W Military Drive,tx,78221,bexar,TRUE,FALSE,TRUE,TRUE,FALSE,1993-01-01,FALSE,Matched (3)
7305,centromed walzem,5255 walzem rd,San Antonio,78218,,,2024,210-924-6004,wic.help@centromedsa.Com,1,0,0,2004-09-07,5255 Walzem Road,tx,78218,bexar,TRUE,TRUE,TRUE,TRUE,FALSE,2004-09-07,FALSE,Matched (3)
7401,brownwood brown county health dept,305 booker st,Brownwood,76801,,,2024,325-646-1514,Wic@Brownwoodtexas.Gov,1,0,0,1993-01-01,305 Booker St,tx,76801,brown,TRUE,FALSE,FALSE,TRUE,FALSE,1993-01-01,FALSE,Matched (3)
7701,u t m b stafford,2503 s main ste f,Stafford,77477,,,2024,281-499-1894,JSNeal@UTMB.edu,1,0,0,1994-04-01,2503 South Main Suite F,tx,77477,harris,TRUE,TRUE,TRUE,TRUE,FALSE,1994-04-01,FALSE,Matched (3)
7702,u t m b pearland,2750 e broadway,Pearland,77581,,,2024,281-485-0865,JSNeal@UTMB.edu,1,0,0,1994-04-01,2750 East Broadway,tx,77581,harris,TRUE,TRUE,TRUE,TRUE,FALSE,1994-04-01,FALSE,Matched (3)
7703,u t m b huntsville,1210 10th st,Huntsville,77340,,,2024,936-295-0552,JSNeal@UTMB.edu,1,0,0,1995-08-01,1210 10Th Street,tx,77340,walker,TRUE,TRUE,TRUE,TRUE,FALSE,1995-08-01,FALSE,Matched (3)
7704,u t m b nacogdoches,2016 n stallings dr,Nacogdoches,75964,,,2024,936-560-2944,JSNeal@UTMB.edu,1,0,0,1995-10-01,2016 N Stallings Dr,tx,75964,nacogdoches,FALSE,FALSE,FALSE,FALSE,FALSE,1995-10-01,TRUE,Matched (3)
7705,u t m b center,105 foster st,Center,75935,,,2024,936-598-5021,JSNeal@UTMB.edu,1,0,0,1995-10-01,105 Foster Street,tx,75935,shelby,TRUE,TRUE,TRUE,TRUE,FALSE,1995-10-01,FALSE,Matched (3)
7706,u t m b crockett,400 alabama st,Crockett,75835,,,2024,936-544-3002,JSNeal@UTMB.edu,1,0,0,1995-10-01,400 Alabama Street,tx,75835,houston,TRUE,TRUE,TRUE,TRUE,FALSE,1995-10-01,FALSE,Matched (3)
7708,u t m b livingston,410 e church ste c,Livingston,77351,,,2024,936-327-5433,JSNeal@UTMB.edu,1,0,0,1995-10-01,410 East Church Suite C,tx,77351,polk,TRUE,TRUE,TRUE,TRUE,FALSE,1995-10-01,FALSE,Matched (3)
7709,u t m b coldspring,1 state hwy 150 b1,Coldspring,77331,,,2024,936-653-2799,JSNeal@UTMB.edu,1,0,0,1995-10-01,1 State Hwy 150 B1,tx,77331,san jacinto,TRUE,TRUE,FALSE,TRUE,FALSE,1995-10-01,FALSE,Matched (3)
7710,u t m b woodville,302 n magnolia,Woodville,75979,,,2024,409-283-2667,JSNeal@UTMB.edu,1,0,0,1995-10-01,302 North Magnolia,tx,75979,tyler,TRUE,TRUE,TRUE,TRUE,FALSE,1995-10-01,FALSE,Matched (3)
7712,utmb groveton,219 w front,Groveton,75845,,,2024,936-544-3002,JSNeal@UTMB.edu,1,0,0,1995-10-01,219 W Front,tx,75845,trinity,TRUE,TRUE,TRUE,TRUE,FALSE,1995-10-01,FALSE,Matched (3)
7715,u t m b league city,1100 gulf freeway ste 108,League City,77573,,,2024,281-557-9400,JSNeal@UTMB.edu,1,0,0,1999-01-28,1100 Gulf Freeway Suite 108,tx,77573,harris,TRUE,TRUE,TRUE,TRUE,FALSE,1999-01-28,FALSE,Matched (3)
7716,u t m b orange,2014 n 10th st,Orange,77630,,,2024,409-883-9115,JSNeal@UTMB.edu,1,0,0,2006-10-01,2014 N 10Th St,tx,77630,orange,TRUE,TRUE,TRUE,TRUE,FALSE,1993-01-01,FALSE,Matched (3)
7717,u t m b vidor,2014 n 10th st,Orange,77630,,,2024,409-883-9115,JSNeal@UTMB.edu,1,0,0,2006-10-01,2014 N 10Th St,tx,77630,orange,FALSE,FALSE,TRUE,TRUE,FALSE,1993-01-01,FALSE,Matched (3)
7718,conroe,703 e davis,Conroe,77301,,,2024,936-539-3399,JSNeal@UTMB.edu,1,0,0,2008-10-01,703 East Davis,tx,77301,montgomery,TRUE,TRUE,TRUE,TRUE,FALSE,1993-01-01,FALSE,Matched (3)
7719,new caney,21134 hwy 59 north,New Caney,77357,,,2024,281-577-8967,JSNeal@UTMB.edu,1,0,0,1993-01-01,21134 Hwy 59 North,tx,77357,montgomery,TRUE,TRUE,TRUE,TRUE,FALSE,1993-01-01,FALSE,Matched (3)
7720,magnolia,18602 fm 1488 ste 600,Magnolia,77355,,,2024,281-259-2404,JSNeal@UTMB.edu,1,0,0,2010-02-03,18602 Fm 1488 Ste 600,tx,77355,montgomery,TRUE,TRUE,FALSE,TRUE,FALSE,2010-02-03,FALSE,Matched (3)
7721,liberty,501 a palmer st,Liberty,77575,,,2024,(936) 336-3859,JSNeal@UTMB.edu,0,0,1,1993-01-01,501 A Palmer St,tx,77575,liberty,FALSE,TRUE,FALSE,TRUE,FALSE,1993-01-01,FALSE,Matched (3)
7723,lone star,605 s conroe medical dr,Conroe,77304,,,2024,936-788-5301,JSNeal@UTMB.edu,0,0,0,.-.-.,605 S Conroe Medical Dr,tx,77304,montgomery,FALSE,FALSE,FALSE,FALSE,FALSE,NA,FALSE,Matched (3)
8901,city center,401 n san saba,San Antonio,78207,,,2024,210-704-4180,,1,0,0,1994-08-01,401 North San Saba,tx,78207,bexar,TRUE,FALSE,FALSE,TRUE,FALSE,1994-08-01,FALSE,Matched (3)
8953,lackland air force base,2240 walker ave bldg 5460,Lackland Afb,78236,,,2024,210-674-7739,,1,0,0,1996-02-07,2240 Walker Ave Bldg 5460,tx,78236,bexar,TRUE,TRUE,FALSE,TRUE,FALSE,1996-02-07,FALSE,Matched (3)
8959,medical center,5500 babcock ste 123,San Antonio,78240,,,2024,210-340-1161,,1,0,0,1997-07-15,5500 Babcock  Ste 123,tx,78240,bexar,FALSE,FALSE,FALSE,FALSE,FALSE,1997-07-15,TRUE,Matched (3)
8963,fort sam houston,3060 stanley rd bldg 2797 military and family readiness center,Fort Sam Houston,78234,,,2024,210-954-4566,,0,0,0,.-.-.,3060 Stanley Rd Bldg 2797 - Military And Family Readiness Center,tx,78234,bexar,FALSE,FALSE,FALSE,FALSE,FALSE,NA,FALSE,Matched (3)
8964,boerne,1415 e blanco rd,Boerne,78800,,,2024,830-249-3932,,0,0,0,.-.-.,1415 E Blanco Rd,tx,78800,kendall,FALSE,FALSE,FALSE,FALSE,FALSE,NA,FALSE,Matched (3)
8965,fredericksburg,103 industrial loop 900,Fredericksburg,78624,,,2024,210-990-3732,,0,0,0,.-.-.,"Heart of the Hills Mom Center, 103 Industrial Loop #900",tx,78624,gillespie,FALSE,FALSE,FALSE,FALSE,FALSE,NA,FALSE,Matched (3)
8966,kerrville,836 sidney baker hwy ste 838-f,Kerrville,78028,,,2024,830-257-4400,,0,0,0,.-.-.,"836 Sidney Baker Hwy, Suite 838-F",tx,78028,kerr,FALSE,FALSE,TRUE,TRUE,FALSE,1993-01-01,FALSE,Matched (3)
8967,johnson city,206 s hwy 281,Johnson City,78636,,,2024,210-990-3732,,0,0,0,.-.-.,206 S. Hwy 281,tx,78636,blanco,FALSE,FALSE,FALSE,FALSE,FALSE,NA,FALSE,Matched (3)
9001,los barrios unidos services,809 singleton blvd,Dallas,75212,,,2024,214-761-0956,,1,0,0,1994-10-01,809 Singleton Blvd,tx,75212,dallas,TRUE,TRUE,TRUE,TRUE,FALSE,1994-10-01,FALSE,Matched (3)
9002,urban inter tribal center - temporarily closed,1283 record crossing rd,Dallas,75235,,,2024,214-941-1050,,1,0,0,2007-06-05,"Mobile Services Offered, 1283 Record Crossing Rd",tx,75235,dallas,FALSE,FALSE,FALSE,FALSE,FALSE,2007-06-05,TRUE,Matched (3)
9003,lbu,4732 w illinois ave,Dallas,75211,,,2024,214-761-0959,,0,0,0,.-.-.,4732 W Illinois Ave,tx,75211,dallas,FALSE,FALSE,FALSE,FALSE,FALSE,NA,FALSE,Matched (3)
10003,austin street,411 s austin,Amarillo,79106,,,2024,806-371-1119,,1,0,0,1996-05-08,411 South Austin,tx,79106,potter,TRUE,TRUE,TRUE,TRUE,FALSE,1996-05-08,FALSE,Matched (3)
10004,canyon,1818 4th st,Canyon,79015,,,2024,806-371-1119,,1,0,0,1996-05-08,1818 4Th Street,tx,79015,randall,TRUE,TRUE,TRUE,TRUE,FALSE,1996-05-08,FALSE,Matched (3)
10006,north branch library,1500 ne 24th ave,Amarillo,79107,,,2024,806-371-1119,,1,0,0,1996-05-08,1500 Ne 24Th Avenue,tx,79107,potter,TRUE,TRUE,TRUE,TRUE,FALSE,1996-05-08,FALSE,Matched (3)
10011,groom,community center 200 broadway,Groom,79039,,,2024,806-371-1119,,1,0,0,1999-10-01,Community Center  200 Broadway,tx,79039,carson,TRUE,FALSE,FALSE,TRUE,FALSE,1999-10-01,FALSE,Matched (3)
10012,vega,305 coke st county barn bldg,Vega,79092,,,2024,806-371-1119,,1,0,0,1999-10-01,"305 Coke St, County Barn Bldg",tx,79092,oldham,TRUE,TRUE,FALSE,TRUE,FALSE,1999-10-01,FALSE,Matched (3)
10013,panhandle,500 main st war memorial bldg,Panhandle,79068,,,2024,806-371-1119,,1,0,0,1999-10-01,"500 Main St, War Memorial Bldg",tx,79068,carson,TRUE,TRUE,FALSE,TRUE,FALSE,1999-10-01,FALSE,Matched (3)
10501,milam county cameron,908 n crockett,Cameron,76520,,,2024,254-697-4913,,1,0,0,1993-01-01,908 N. Crockett,tx,76520,milam,TRUE,TRUE,FALSE,TRUE,FALSE,1993-01-01,FALSE,Matched (3)
10502,milam county rockdale,313 n main,Rockdale,76567,,,2024,512-446-6245,,1,0,0,1998-11-01,313 North Main,tx,76567,milam,TRUE,TRUE,TRUE,TRUE,FALSE,1993-01-01,FALSE,Matched (3)
10801,longview wellness ctr inc dba wellness pointe,2430 s high st ste c1,Longview,75602,,,2024,903-212-4835,,1,0,0,2000-12-01,2430 S High St Suite C1,tx,75602,gregg,FALSE,FALSE,FALSE,FALSE,FALSE,2000-12-01,TRUE,Matched (3)
10803,longview wellness ctr inc dba wellness pointe,1711 s henderson ste 500,Kilgore,75662,,,2024,903-212-4855,,1,0,0,2002-05-01,1711 South Henderson Suite 500,tx,75662,gregg,TRUE,FALSE,TRUE,TRUE,FALSE,2002-05-01,FALSE,Matched (3)
11001,fayette county,275 ellinger rd,La Grange,78945,,,2024,979-968-6391,,0,0,1,2005-10-01,275 Ellinger Road,tx,78945,fayette,FALSE,FALSE,TRUE,TRUE,FALSE,1996-07-01,FALSE,Matched (3)
11002,lee county,185 a decker dr,Giddings,78942,,,2024,979-542-1651,,0,0,1,2005-10-01,185-A Decker Drive,tx,78942,lee,FALSE,FALSE,FALSE,FALSE,FALSE,NA,FALSE,Matched (3)
12601,faith mission program,100 s chappell hill st ste 101,Brenham,77833,,,2024,979-836-1913,Jd.Young@Faithmission.Us,0,1,0,1998-11-02,100 S Chappell Hill St Ste 101,tx,77833,washington,FALSE,FALSE,TRUE,TRUE,FALSE,1998-11-02,FALSE,Matched (3)
13001,pampa,1835 n hobart st,Pampa,79065,,,2024,806-665-1182,Wictx@Spcaa.Org,0,0,1,1994-05-01,1835 N Hobart St,tx,79065,gray,FALSE,TRUE,FALSE,TRUE,FALSE,1994-05-01,FALSE,Matched (3)
13002,morton,107 a sw 4th,Morton,79346,,,2024,806-632-2425,Wictx@Spcaa.Org,0,0,0,.-.-.,107 A SW 4th,tx,79346,cochran,FALSE,FALSE,FALSE,FALSE,FALSE,NA,FALSE,Matched (3)
13003,tahoka,1627 ave k,Tahoka,79373,,,2024,806-523-5189,Wictx@Spcaa.Org,0,0,0,.-.-.,1627 Ave K,tx,79373,lynn,FALSE,FALSE,FALSE,FALSE,FALSE,NA,FALSE,Matched (3)
13004,post,108 n broadway st,Post,79356,,,2024,806-523-8917,Wictx@Spcaa.Org,0,0,0,.-.-.,108 N Broadway St,tx,79356,garza,FALSE,FALSE,FALSE,FALSE,FALSE,NA,FALSE,Matched (3)
13005,denver city,112 w 2nd st,Denver City,79323,,,2024,806-777-5307,Wictx@Spcaa.Org,0,0,0,.-.-.,112 West 2nd St,tx,79323,yoakum,FALSE,FALSE,FALSE,FALSE,FALSE,NA,FALSE,Matched (3)
13006,dumas,205 n dumas ave ste b,Dumas,79029,,,2024,806-935-4494,Wictx@Spcaa.Org,0,1,0,1994-05-01,"205 N Dumas Ave, Suite B",tx,79029,moore,FALSE,FALSE,TRUE,TRUE,FALSE,1994-05-01,FALSE,Matched (3)
13007,brownfield,111 n ave d,Brownfield,79316,,,2024,806-632-2425,Wictx@Spcaa.Org,0,0,0,.-.-.,111 N Avenue D,tx,79316,terry,FALSE,FALSE,TRUE,TRUE,FALSE,1993-01-01,FALSE,Matched (3)
13008,levelland,411 austin st,Levelland,79336,,,2024,806-632-2425,Wictx@Spcaa.Org,0,0,0,.-.-.,411 Austin St,tx,79336,hockley,FALSE,FALSE,FALSE,FALSE,FALSE,NA,FALSE,Matched (3)
13009,lamesa,501 s 1st st,Lamesa,79331,,,2024,806-872-2352,Wictx@Spcaa.Org,0,0,0,.-.-.,501 S 1st St,tx,79331,dawson,FALSE,FALSE,FALSE,FALSE,FALSE,NA,FALSE,Matched (3)
13010,seminole,700 hobbs hwy,Seminole,79360,,,2024,432-758-6503,Wictx@Spcaa.Org,0,0,0,.-.-.,700 Hobbs Hwy,tx,79360,gaines,FALSE,FALSE,FALSE,FALSE,FALSE,NA,FALSE,Matched (3)
13011,memphis,1313 n boykin,Memphis,79245,,,2024,806-893-3831,Wictx@Spcaa.Org,0,0,1,1994-05-01,1313 N Boykin,tx,79245,hall,FALSE,TRUE,FALSE,TRUE,FALSE,1994-05-01,FALSE,Matched (3)
13012,spur,502 n burlington ave,Spur,79370,,,2024,940-256-0013,Wictx@Spcaa.Org,0,0,0,.-.-.,502 N Burlington Ave,tx,79370,dickens,FALSE,FALSE,TRUE,TRUE,FALSE,1993-01-01,FALSE,Matched (3)
13014,childress,211 ave f n w.,Childress,79201,,,2024,940-219-9124,Wictx@Spcaa.Org,0,1,0,1994-05-01,211 Avenue F N.W.,tx,79201,childress,FALSE,TRUE,TRUE,TRUE,FALSE,1994-05-01,FALSE,Matched (3)
13015,borger,200 n mcgee st,Borger,79007,,,2024,806-893-3814,Wictx@Spcaa.Org,0,0,1,1994-05-01,200 N McGee St,tx,79007,hutchinson,FALSE,TRUE,FALSE,TRUE,FALSE,1994-05-01,FALSE,Matched (3)
13016,perryton,3rd floor,Perryton,79070,,,2024,806-893-3814,Wictx@Spcaa.Org,0,0,1,1994-05-01,"514 S Main St, 3rd Floor",tx,79070,ochiltree,FALSE,TRUE,FALSE,TRUE,FALSE,1994-05-01,FALSE,Matched (3)
13017,celia ann,602 w loop 289 ste 100,Lubbock,79416,,,2024,806-747-0178,Wictx@Spcaa.Org,0,1,0,1994-10-05,602 West Loop 289 Suite 100,tx,79416,lubbock,FALSE,TRUE,TRUE,TRUE,FALSE,1994-10-05,FALSE,Matched (3)
13018,central lubbock,1st floor,Lubbock,79411,,,2024,806-747-0104,Wictx@Spcaa.Org,0,0,0,.-.-.,"1946 Avenue Q, 1st floor",tx,79411,lubbock,FALSE,FALSE,FALSE,FALSE,FALSE,NA,FALSE,Matched (3)
13019,freedom,1301 50th st space #10 a,Lubbock,79412,,,2024,806-747-0006,Wictx@Spcaa.Org,0,0,1,1994-10-05,"1301 50th St, Space #10 A",tx,79412,lubbock,FALSE,TRUE,TRUE,TRUE,FALSE,1994-10-05,FALSE,Matched (3)
13020,wheeler,7939 us 83,Wheeler,79096,,,2024,806-893-3831,Wictx@Spcaa.Org,0,0,0,.-.-.,7939 US-83,tx,79096,wheeler,FALSE,FALSE,FALSE,FALSE,FALSE,NA,FALSE,Matched (3)
13021,stratford,1109 beaver rd,Stratford,79084,,,2024,806-893-6518,Wictx@Spcaa.Org,0,0,0,.-.-.,1109 Beaver Rd,tx,79084,sherman,FALSE,FALSE,FALSE,FALSE,FALSE,NA,FALSE,Matched (3)
13022,slaton,121 w panhandle st,Slaton,79364,,,2024,806-632-2425,Wictx@Spcaa.Org,0,0,1,1994-10-01,121 W Panhandle St,tx,79364,lubbock,FALSE,TRUE,FALSE,TRUE,FALSE,1994-10-01,FALSE,Matched (3)
13023,dalhart,221 hillcrest ave,Dalhart,79022,,,2024,806-893-6518,Wictx@Spcaa.Org,0,0,1,1994-05-01,221 Hillcrest Ave,tx,79022,dallam,FALSE,TRUE,FALSE,TRUE,FALSE,1994-05-01,FALSE,Matched (3)
13024,wellington,910 1 2 w ave,Wellington,79095,,,2024,806-447-0641,Wictx@Spcaa.Org,0,0,0,.-.-.,910 1/2 West Avenue,tx,79095,collingsworth,FALSE,FALSE,FALSE,FALSE,FALSE,NA,FALSE,Matched (3)
13025,clarendon,401 w 2nd st,Clarendon,79226,,,2024,806-893-3831,Wictx@Spcaa.Org,0,0,0,.-.-.,401 W 2nd St,tx,79226,donley,FALSE,FALSE,FALSE,FALSE,FALSE,NA,FALSE,Matched (3)
13026,spearman,123 s bernice st,Spearman,79081,,,2024,806-893-3814,Wictx@Spcaa.Org,0,0,1,1994-05-01,"First Baptist Church , 123 S Bernice St",tx,79081,hansford,FALSE,TRUE,FALSE,TRUE,FALSE,1994-05-01,FALSE,Matched (3)
13027,parkway,2630 pkwy dr,Lubbock,79403,,,2024,806-747-1129,Wictx@Spcaa.Org,0,0,1,1995-04-10,2630 Parkway Dr,tx,79403,lubbock,FALSE,TRUE,FALSE,TRUE,FALSE,1995-04-10,FALSE,Matched (3)
13028,canadian,520 main st,Canadian,79014,,,2024,806-662-0436,Wictx@Spcaa.Org,0,0,1,1994-05-01,520 Main St,tx,79014,hemphill,FALSE,TRUE,FALSE,TRUE,FALSE,1994-05-01,FALSE,Matched (3)
13029,shamrock,122 w 2nd st,Shamrock,79079,,,2024,806-893-3831,Wictx@Spcaa.Org,0,0,0,.-.-.,122 W 2nd St,tx,79079,wheeler,FALSE,FALSE,FALSE,FALSE,FALSE,NA,FALSE,Matched (3)
13030,midland,4500 w illinois ave ste 113,Midland,79703,,,2024,432-699-2332,Wictx@Spcaa.Org,0,0,0,.-.-.,"4500 W Illinois Ave, Suite 113",tx,79703,midland,FALSE,FALSE,FALSE,FALSE,FALSE,NA,FALSE,Matched (3)
13031,mccamey,100 e 7th st,McCamey,79752,,,2024,806-891-9384,Wictx@Spcaa.Org,0,1,0,1996-01-01,100 E 7th St,tx,79752,upton,FALSE,TRUE,TRUE,TRUE,FALSE,1996-01-01,FALSE,Matched (3)
13032,booker,322 s eastern st,Booker,79005,,,2024,806-893-3814,Wictx@Spcaa.Org,0,0,1,2003-05-01,322 S Eastern St,tx,79005,lipscomb,FALSE,FALSE,TRUE,TRUE,FALSE,2003-05-01,FALSE,Matched (3)
13033,andrews,801 n main st ste a,Andrews,79714,,,2024,432-523-6587,Wictx@Spcaa.Org,0,0,1,1996-10-01,"801 N Main St, Suite A",tx,79714,andrews,FALSE,TRUE,FALSE,TRUE,FALSE,1996-10-01,FALSE,Matched (3)
13034,monahans,405 e a st,Monahans,79756,,,2024,432-385-9009,Wictx@Spcaa.Org,0,1,0,1996-01-01,405 East A St,tx,79756,ward,FALSE,TRUE,TRUE,TRUE,FALSE,1996-01-01,FALSE,Matched (3)
13035,ozona,106 medical dr,Ozona,76943,,,2024,830-491-0163,Wictx@Spcaa.Org,0,1,0,1996-01-01,106 Medical Dr,tx,76943,crockett,FALSE,TRUE,TRUE,TRUE,FALSE,1996-01-01,FALSE,Matched (3)
13036,stanton,201 n carrol st,Stanton,79782,,,2024,806-523-7186,Wictx@Spcaa.Org,0,0,1,1996-01-01,201 N Carrol St,tx,79782,martin,FALSE,TRUE,FALSE,TRUE,FALSE,1996-01-01,FALSE,Matched (3)
13037,cactus,500 n dr,Cactus,79013,,,2024,806-893-6518,Wictx@Spcaa.Org,0,0,1,2000-02-01,"Cactus City Park, 500 North Dr",tx,79013,moore,FALSE,TRUE,FALSE,TRUE,FALSE,2000-02-01,FALSE,Matched (3)
13038,fort stockton,461 s hwy 285 ste 103,Fort Stockton,79735,,,2024,432-336-2127,Wictx@Spcaa.Org,0,0,1,1996-01-01,"461 S Hwy 285, Suite 103",tx,79735,pecos,FALSE,TRUE,FALSE,TRUE,FALSE,1996-01-01,FALSE,Matched (3)
13039,kermit,735 s e ave,Kermit,79745,,,2024,432-385-9009,Wictx@Spcaa.Org,0,0,1,1996-01-01,735 S East Ave,tx,79745,winkler,FALSE,TRUE,FALSE,TRUE,FALSE,1996-01-01,FALSE,Matched (3)
13040,pecos,111 s hickory st,Pecos,79772,,,2024,432-556-0320,Wictx@Spcaa.Org,0,0,1,1996-01-01,111 S Hickory St,tx,79772,reeves,FALSE,TRUE,FALSE,TRUE,FALSE,1996-01-01,FALSE,Matched (3)
13041,odessa,835 tower dr ste 34,Odessa,79762,,,2024,432-444-5687,Wictx@Spcaa.Org,0,0,0,.-.-.,"835 Tower Dr, Suite 34",tx,79762,ector,FALSE,FALSE,FALSE,FALSE,FALSE,NA,FALSE,Matched (3)
13043,junction,202 s 8th st,Junction,76849,,,2024,325-240-8641,Wictx@Spcaa.Org,0,0,1,1993-01-01,"First Baptist Church, 202 S 8th St",tx,76849,kimble,FALSE,TRUE,FALSE,TRUE,FALSE,1993-01-01,FALSE,Matched (3)
13044,sonora,103 e main st,Sonora,76950,,,2024,325-226-8325,Wictx@Spcaa.Org,0,0,1,1993-01-01,103 E Main St,tx,76950,sutton,FALSE,TRUE,FALSE,TRUE,FALSE,1993-01-01,FALSE,Matched (3)
13045,marfa,1412 w berlin st,Marfa,79843,,,2024,432-661-5171,Wictx@Spcaa.Org,0,0,1,1993-01-01,1412 W Berlin St,tx,79843,presidio,FALSE,TRUE,FALSE,TRUE,FALSE,1993-01-01,FALSE,Matched (3)
13046,presidio,507 henry daly st,Presidio,79845,,,2024,432-661-5171,Wictx@Spcaa.Org,0,0,1,1993-01-01,507 Henry Daly St,tx,79845,presidio,FALSE,TRUE,FALSE,TRUE,FALSE,1993-01-01,FALSE,Matched (3)
13047,alpine,607 w gallego ave,Alpine,79830,,,2024,432-661-5171,Wictx@Spcaa.Org,0,0,1,1993-01-01,607 W Gallego Ave,tx,79830,brewster,FALSE,TRUE,FALSE,TRUE,FALSE,1993-01-01,FALSE,Matched (3)
13048,big spring,501 birdwell ln ste 28b,Big Spring,79720,,,2024,432-631-1734,Wictx@Spcaa.Org,0,0,1,1993-01-01,"501 Birdwell Ln, Suite 28B",tx,79720,howard,FALSE,TRUE,FALSE,TRUE,FALSE,1993-01-01,FALSE,Matched (3)
13049,eldorado,400 e murchison ave,Eldorado,76936,,,2024,325-226-8325,Wictx@Spcaa.Org,0,0,1,1993-01-01,400 E Murchison Ave,tx,76936,schleicher,FALSE,TRUE,FALSE,TRUE,FALSE,1993-01-01,FALSE,Matched (3)
13050,brady,405 s bridge st,Brady,76825,,,2024,325-597-2444,Wictx@Spcaa.Org,0,0,1,1993-01-01,405 S Bridge St,tx,76825,mcculloch,FALSE,TRUE,FALSE,TRUE,FALSE,1993-01-01,FALSE,Matched (3)
13051,van horn,700 a w broadway,Van Horn,79855,,,2024,432-661-5171,Wictx@Spcaa.Org,0,0,1,1996-03-01,700 A W Broadway,tx,79855,culberson,FALSE,TRUE,FALSE,TRUE,FALSE,1996-03-01,FALSE,Matched (3)
13101,fairfield,300 w hwy 84,Fairfield,75840,,,2024,903-388-9490,Wictx@Spcaa.Org,0,0,1,2000-12-01,"Brookshire Brothers Parking Lot, 300 West Hwy 84",tx,75840,freestone,FALSE,TRUE,FALSE,TRUE,FALSE,2000-12-01,FALSE,Matched (3)
13102,breckenridge,2802 w walker st,Breckenridge,76424,,,2024,254-559-6577,Wictx@Spcaa.Org,0,0,1,1993-09-01,2802 W Walker St,tx,76424,stephens,FALSE,TRUE,FALSE,TRUE,FALSE,1993-09-01,FALSE,Matched (3)
13103,clyde,822 red oak farm rd,Clyde,79510,,,2024,254-212-9914,Wictx@Spcaa.Org,0,0,1,1993-09-01,"First Assembly of God, 822 Red Oak Farm Rd",tx,79510,callahan,FALSE,TRUE,FALSE,TRUE,FALSE,1993-09-01,FALSE,Matched (3)
13104,graham,2015 hwy 16 s ste c,Graham,76450,,,2024,940-549-9600,Wictx@Spcaa.Org,0,0,1,1993-09-01,"2015 Hwy 16 South, Suite C",tx,76450,young,FALSE,TRUE,TRUE,TRUE,FALSE,1993-09-01,FALSE,Matched (3)
13105,hawley,350 5th st,Hawley,79525,,,2024,254-212-9914,Wictx@Spcaa.Org,0,0,1,1993-11-08,"First Baptist Church, 350 5th St",tx,79525,jones,FALSE,TRUE,FALSE,TRUE,FALSE,1993-11-08,FALSE,Matched (3)
13106,snyder,5305 trinity blvd ste b,Snyder,79549,,,2024,325-573-0191,Wictx@Spcaa.Org,0,0,1,1993-09-01,"5305 Trinity Blvd, Suite B",tx,79549,scurry,FALSE,TRUE,TRUE,TRUE,FALSE,1993-09-01,FALSE,Matched (3)
13107,colorado city,1426 walnut,Colorado City,79512,,,2024,325-207-0114,Wictx@Spcaa.Org,0,0,1,1993-09-01,1426 Walnut,tx,79512,mitchell,FALSE,TRUE,FALSE,TRUE,FALSE,1993-09-01,FALSE,Matched (3)
13108,bowie,207 e greenwood ave ste a,Bowie,76230,,,2024,940-872-6266,Wictx@Spcaa.Org,0,0,1,1993-08-01,"207 E Greenwood Ave, Suite A",tx,76230,montague,FALSE,TRUE,FALSE,TRUE,FALSE,1993-08-01,FALSE,Matched (3)
13109,seymour,108 s washington st,Seymour,76380,,,2024,940-586-6331,Wictx@Spcaa.Org,0,0,1,1993-09-01,108 S Washington St,tx,76380,baylor,FALSE,TRUE,TRUE,TRUE,FALSE,1993-09-01,FALSE,Matched (3)
13110,hillsboro,211 a e franklin st,Hillsboro,76645,,,2024,254-582-8242,Wictx@Spcaa.Org,0,0,1,2000-12-01,211 A E Franklin St,tx,76645,hill,FALSE,TRUE,FALSE,TRUE,FALSE,1993-01-01,FALSE,Matched (3)
13111,mexia,403 n bailey st,Mexia,76667,,,2024,254-562-0923,Wictx@Spcaa.Org,0,1,0,2000-12-01,403 N Bailey St,tx,76667,limestone,FALSE,TRUE,TRUE,TRUE,FALSE,1993-01-01,FALSE,Matched (3)
13112,eastland,935 e main st,Eastland,76448,,,2024,254-629-1783,Wictx@Spcaa.Org,0,0,1,1993-09-01,935 E Main St,tx,76448,eastland,FALSE,TRUE,FALSE,TRUE,FALSE,1993-09-01,FALSE,Matched (3)
13113,haskell,haskell housing authority 702 s ave h,Haskell,79521,,,2024,940-256-0013,Wictx@Spcaa.Org,0,0,1,1993-01-01,Haskell Housing Authority 702 S Ave H,tx,79521,haskell,FALSE,TRUE,FALSE,TRUE,FALSE,1993-01-01,FALSE,Matched (3)
13114,stamford,207 s swenson st,Stamford,79553,,,2024,325-773-0119,Wictx@Spcaa.Org,0,0,1,1993-01-01,207 S Swenson St,tx,79553,jones,FALSE,TRUE,TRUE,TRUE,FALSE,1993-01-01,FALSE,Matched (3)
13115,aspermont,516 s washington ave,Aspermont,79502,,,2024,325-268-7739,Wictx@Spcaa.Org,0,0,0,.-.-.,"Stonewall County Library, 516 S Washington Ave",tx,79502,stonewall,FALSE,FALSE,FALSE,FALSE,FALSE,NA,FALSE,Matched (3)
13116,archer city,509 s cedar st,Archer City,76351,,,2024,940-575-7491,Wictx@Spcaa.Org,0,0,1,1993-01-01,509 S Cedar St,tx,76351,archer,FALSE,TRUE,FALSE,TRUE,FALSE,1993-01-01,FALSE,Matched (3)
13117,vernon,2400 texas,Vernon,76384,,,2024,940-223-0979,Wictx@Spcaa.Org,0,1,0,1993-01-01,2400 Texas,tx,76384,wilbarger,FALSE,TRUE,TRUE,TRUE,FALSE,1993-01-01,FALSE,Matched (3)
13118,jacksboro,212 n church st ste b,Jacksboro,76458,,,2024,940-567-2601,Wictx@Spcaa.Org,0,1,0,1993-01-01,"212 North Church St, Suite B",tx,76458,jack,FALSE,TRUE,TRUE,TRUE,FALSE,1993-01-01,FALSE,Matched (3)
13119,rotan,504 e 7th st,Rotan,79546,,,2024,325-735-3105,Wictx@Spcaa.Org,0,0,1,1993-01-01,504 E 7Th St,tx,79546,fisher,FALSE,TRUE,TRUE,TRUE,FALSE,1993-01-01,FALSE,Matched (3)
13120,cleburne,106 del rio ct,Cleburne,76033,,,2024,817-641-7211,Wictx@Spcaa.Org,0,0,1,1993-09-01,106 Del Rio Ct,tx,76033,johnson,FALSE,TRUE,TRUE,TRUE,FALSE,1993-09-01,FALSE,Matched (3)
13121,clifton,403 w 3rd st,Clifton,76634,,,2024,325-451-0126,Wictx@Spcaa.Org,0,0,1,2000-12-01,"Clifton Civic Center, 403 W 3rd St",tx,76634,bosque,FALSE,TRUE,FALSE,TRUE,FALSE,1993-01-01,FALSE,Matched (3)
13123,quanah,300 s main st,Quanah,79252,,,2024,940-219-9124,Wictx@Spcaa.Org,0,0,0,.-.-.,300 S. Main St,tx,79252,hardeman,FALSE,FALSE,FALSE,FALSE,FALSE,NA,FALSE,Matched (3)
13124,paducah,711 richards st,Paducah,79248,,,2024,940-219-9124,Wictx@Spcaa.Org,0,0,0,.-.-.,"Paducah Housing Authority, 711 Richards  St",tx,79248,cottle,FALSE,FALSE,FALSE,FALSE,FALSE,NA,FALSE,Matched (3)
13125,olney,1016 arbor st,Olney,76374,,,2024,682-432-9958,Wictx@Spcaa.Org,0,1,0,1993-07-27,1016 Arbor Street,tx,76374,young,FALSE,FALSE,TRUE,TRUE,FALSE,1993-07-27,FALSE,Matched (3)
13126,albany,84 n ave b,Albany,76430,,,2024,254-212-9914,Wictx@Spcaa.Org,0,0,1,1993-09-01,84 N Ave B,tx,76430,shackelford,FALSE,FALSE,FALSE,FALSE,FALSE,NA,FALSE,Matched (3)
13130,decatur,2014 ben merritt dr ste c,Decatur,76234,,,2024,940-627-5796,Wictx@Spcaa.Org,0,0,1,1993-08-01,"2014 Ben Merritt Dr, Suite C",tx,76234,wise,FALSE,TRUE,FALSE,TRUE,FALSE,1993-08-01,FALSE,Matched (3)
13140,gainesville,1103 e california st,Gainesville,76240,,,2024,940-668-1292,Wictx@Spcaa.Org,0,1,0,1993-08-01,1103 E California St,tx,76240,cooke,FALSE,TRUE,TRUE,TRUE,FALSE,1993-08-01,FALSE,Matched (3)
13146,burleson,228 sw wilshire blvd,Burleson,76028,,,2024,817-447-6110,Wictx@Spcaa.Org,0,0,1,1994-08-29,228 SW Wilshire Blvd,tx,76028,johnson,FALSE,TRUE,FALSE,TRUE,FALSE,1994-08-29,FALSE,Matched (3)
13150,kaufman,100 old rail rd ste e,Kaufman,75142,,,2024,972-932-1961,Wictx@Spcaa.Org,0,0,1,1993-09-01,"100 Old Rail Rd, Suite E",tx,75142,kaufman,FALSE,TRUE,TRUE,TRUE,FALSE,1993-09-01,FALSE,Matched (3)
13151,hamlin,200 se ave a,Hamlin,79520,,,2024,940-256-0013,Wictx@Spcaa.Org,0,0,0,.-.-.,"Housing Authority , 200 SE Ave A",tx,79520,jones,FALSE,FALSE,FALSE,FALSE,FALSE,NA,FALSE,Matched (3)
13153,nocona,400 hobson st,Nocona,76255,,,2024,254-216-9211,Wictx@Spcaa.Org,0,1,0,1995-07-10,"Community Center, 400 Hobson St",tx,76255,montague,FALSE,FALSE,FALSE,FALSE,FALSE,NA,FALSE,Matched (3)
13155,terrell,310 e nash st,Terrell,75160,,,2024,972-551-2121,Wictx@Spcaa.Org,0,1,0,1993-09-01,310 E Nash St,tx,75160,kaufman,FALSE,TRUE,TRUE,TRUE,FALSE,1993-09-01,FALSE,Matched (3)
13158,lampasas,1305 s key ave ste 104,Lampasas,76550,,,2024,512-556-3195,Wictx@Spcaa.Org,0,0,1,1998-01-01,"1305 S Key Ave, Suite 104",tx,76550,lampasas,FALSE,TRUE,FALSE,TRUE,FALSE,1998-01-01,FALSE,Matched (3)
13161,marble falls,503 fm 1431 e ste 103,Marble Falls,78654,,,2024,830-693-8226,Wictx@Spcaa.Org,0,0,0,.-.-.,"503 FM 1431 E, Suite 103",tx,78654,burnet,FALSE,FALSE,FALSE,FALSE,FALSE,NA,FALSE,Matched (3)
13162,marlin,211 a fortune st,Marlin,76661,,,2024,254-883-6252,Wictx@Spcaa.Org,0,0,1,1998-06-01,211-A Fortune St,tx,76661,falls,FALSE,TRUE,FALSE,TRUE,FALSE,1998-06-01,FALSE,Matched (3)
13163,greenville,4907 stonewall st ste c,Greenville,75401,,,2024,903-454-4888,Wictx@Spcaa.Org,0,0,1,1999-04-01,"4907 Stonewall St, Suite C",tx,75401,hunt,FALSE,TRUE,TRUE,TRUE,FALSE,1999-04-01,FALSE,Matched (3)
13165,commerce,100 kings plaza ste f,Commerce,75428,,,2024,903-886-1288,Wictx@Spcaa.Org,0,0,1,1999-07-01,"100 Kings Plaza, Suite F",tx,75428,hunt,FALSE,TRUE,FALSE,TRUE,FALSE,1993-01-01,FALSE,Matched (3)
13166,bonham,1205 broadfoot st,Bonham,75418,,,2024,903-705-3995,Wictx@Spcaa.Org,0,0,1,1993-08-01,1205 Broadfoot St,tx,75418,fannin,FALSE,TRUE,FALSE,TRUE,FALSE,1993-08-01,FALSE,Matched (3)
13167,rockwall,2305 ridge rd ste 103,Rockwall,75087,,,2024,972-771-9541,Wictx@Spcaa.Org,0,0,1,1999-04-01,"2305 Ridge Rd, Suite 103",tx,75087,rockwall,FALSE,TRUE,FALSE,TRUE,FALSE,1993-08-01,FALSE,Matched (3)
13170,mineral wells,103 s oak st ste 101,Mineral Wells,76067,,,2024,940-325-0045,Wictx@Spcaa.Org,0,0,1,1993-08-01,"103 S Oak St, Suite 101",tx,76067,palo pinto,FALSE,TRUE,FALSE,TRUE,FALSE,1993-08-01,FALSE,Matched (3)
13171,san saba,2005 w wallace st ste 110,San Saba,76877,,,2024,512-571-0258,Wictx@Spcaa.Org,0,0,1,1999-10-21,"2005 W Wallace St, Suite 110",tx,76877,san saba,FALSE,TRUE,TRUE,TRUE,FALSE,1999-10-21,FALSE,Matched (3)
13172,llano,100 legend hills blvd,Llano,78639,,,2024,325-428-6381,Wictx@Spcaa.Org,0,0,0,.-.-.,100 Legend Hills Blvd,tx,78639,llano,FALSE,FALSE,FALSE,FALSE,FALSE,NA,FALSE,Matched (3)
13173,springtown,458 sh 199 e,Springtown,76082,,,2024,254-436-5580,Wictx@Spcaa.Org,0,0,1,2004-11-16,458 SH-199 E,tx,76082,parker,FALSE,TRUE,FALSE,TRUE,FALSE,2004-11-16,FALSE,Matched (3)
13175,weatherford,925 santa fe dr ste 107 & 108,Weatherford,76086,,,2024,817-594-8536,Wictx@Spcaa.Org,0,0,1,1993-10-25,"925 Santa Fe Dr, Suite 107 & 108",tx,76086,parker,FALSE,TRUE,FALSE,TRUE,FALSE,1993-10-25,FALSE,Matched (3)
13177,sweetwater,1104 henderson st ste a,Sweetwater,79556,,,2024,806-523-1592,Wictx@Spcaa.Org,0,0,1,1993-01-01,"1104 Henderson St, Suite A",tx,79556,nolan,FALSE,TRUE,FALSE,TRUE,FALSE,1993-01-01,FALSE,Matched (3)
13178,quinlan,401 panther path,Quinlan,75474,,,2024,903-363-4543,Wictx@Spcaa.Org,0,0,1,2004-11-15,401 Panther Path,tx,75474,hunt,FALSE,TRUE,FALSE,TRUE,FALSE,2004-11-15,FALSE,Matched (3)
13179,cross plains,108 n beech st,Cross Plains,76443,,,2024,254-212-9914,Wictx@Spcaa.Org,0,0,1,2008-07-01,"Community Center, 108 N Beech St",tx,76443,callahan,FALSE,TRUE,FALSE,TRUE,FALSE,2008-07-01,FALSE,Matched (3)
13180,stephenville,125 w oak st,Stephenville,76401,,,2024,254-968-3680,Wictx@Spcaa.Org,0,0,1,1993-01-08,125 W Oak St,tx,76401,erath,FALSE,TRUE,TRUE,TRUE,FALSE,1993-01-08,FALSE,Matched (3)
13181,glen rose,107 shepherd st,Glen Rose,76043,,,2024,254-396-5405,Wictx@Spcaa.Org,0,0,1,1993-09-01,107 Shepherd St.,tx,76043,somervell,FALSE,TRUE,FALSE,TRUE,FALSE,1993-09-01,FALSE,Matched (3)
13185,granbury,1250 weatherford hwy bldg a,Granbury,76048,,,2024,817-579-6760,Wictx@Spcaa.Org,0,0,1,1993-09-01,"1250 Weatherford Hwy, Bldg A",tx,76048,hood,FALSE,TRUE,FALSE,TRUE,FALSE,1993-09-01,FALSE,Matched (3)
13190,waxahachie,110 amanda ln,Waxahachie,75165,,,2024,972-937-4777,Wictx@Spcaa.Org,0,1,0,1993-11-18,110 Amanda Ln,tx,75165,ellis,FALSE,TRUE,TRUE,TRUE,FALSE,1993-11-18,FALSE,Matched (3)
13191,ennis,2604 n kaufman st ste c,Ennis,75119,,,2024,972-875-0285,Wictx@Spcaa.Org,0,0,1,1993-11-18,"2604 N Kaufman St, Suite C",tx,75119,ellis,FALSE,TRUE,TRUE,TRUE,FALSE,1993-11-18,FALSE,Matched (3)
13195,hamilton,101 e henry st,Hamilton,76531,,,2024,325-451-0126,Wictx@Spcaa.Org,0,0,0,.-.-.,101 E Henry St,tx,76531,hamilton,FALSE,FALSE,FALSE,FALSE,FALSE,NA,FALSE,Matched (3)
13196,goldthwaite,1011 hutchings st,Goldthwaite,76844,,,2024,512-571-0258,Wictx@Spcaa.Org,0,0,1,1999-08-01,1011 Hutchings St,tx,76844,mills,FALSE,TRUE,FALSE,TRUE,FALSE,1999-08-01,FALSE,Matched (3)
13197,comanche,209 w duncan ave,Comanche,76442,,,2024,254-979-9052,Wictx@Spcaa.Org,0,0,0,.-.-.,209 W Duncan Ave,tx,76442,comanche,FALSE,FALSE,FALSE,FALSE,FALSE,NA,FALSE,Matched (3)
13198,de leon,101 w labadie ave apt 102,De Leon,76444,,,2024,254-979-9052,Wictx@Spcaa.Org,0,0,0,.-.-.,"Old Hotel Apartments , 101 W Labadie Ave Apt 102",tx,76444,comanche,FALSE,FALSE,FALSE,FALSE,FALSE,NA,FALSE,Matched (3)
13301,bryan,3400 s texas ave ste 1,Bryan,77802,,,2024,979-260-2942,,0,1,0,1993-01-01,3400 S Texas Ave Ste 1,tx,77802,brazos,FALSE,FALSE,TRUE,TRUE,FALSE,1993-01-01,FALSE,Matched (3)
13302,hearne,1000 brown st,Hearne,77859,,,2024,979-260-2942,,0,1,0,1993-01-01,1000 Brown St,tx,77859,robertson,FALSE,TRUE,TRUE,TRUE,FALSE,1993-01-01,FALSE,Matched (3)
13303,navasota,118 farquhar st,Navasota,77868,,,2024,979-260-2942,,0,1,0,1994-05-04,118 Farquhar St,tx,77868,grimes,FALSE,TRUE,TRUE,TRUE,FALSE,1994-05-04,FALSE,Matched (3)
13304,madisonville,813 s state st ste 103,Madisonville,77864,,,2024,979-260-2942,,0,0,1,1993-01-01,813 S State St Ste 103,tx,77864,madison,FALSE,TRUE,FALSE,TRUE,FALSE,1993-01-01,FALSE,Matched (3)
13305,college station,1103 anderson st ste 102,College Station,77840,,,2024,979-260-2942,,0,0,0,.-.-.,"1103 Anderson St, Suite 102",tx,77840,brazos,FALSE,FALSE,FALSE,FALSE,FALSE,NA,FALSE,Matched (3)
13306,caldwell,206 s wright st,Caldwell,77836,,,2024,979-260-2942,,0,0,0,.-.-.,206 S Wright St,tx,77836,burleson,FALSE,FALSE,FALSE,FALSE,FALSE,NA,FALSE,Matched (3)
13307,buffalo,942 n hill st,Buffalo,75831,,,2024,979-260-2942,,0,0,0,.-.-.,942 North Hill St,tx,75831,leon,FALSE,FALSE,FALSE,FALSE,FALSE,NA,FALSE,Matched (3)
13308,29th street,4001 e 29th st ste 112,Bryan,77802,,,2024,979-260-2942,,0,0,0,.-.-.,"4001 E 29th St, Suite 112",tx,77802,brazos,FALSE,FALSE,FALSE,FALSE,FALSE,NA,FALSE,Matched (3)
